stay_year,stay_month_num,room_name,treatment,action_type,action,current_occupancy_pct,expected_occupancy_pct,current_revpar,optimized_revpar,economic_value_eur,economic_value_type,confidence,evidence,why
2026,5,Appartamento Area Piscina,,PRICE_DOWN,Change ROOM ADR -25% (178.87 → 134.15),17.74,31.05,31.74,41.65,5533.87,MODELED_REVENUE,MEDIUM,OBSERVED,VOLUME_OPPORTUNITY: tested price grid and selected -25% because it maximizes modeled RevPAR (31.74 -> 41.65) under the estimated price-volume response.
2026,5,Camera  Standard,,PRICE_DOWN,Change ROOM ADR -25% (179.57 → 134.68),18.43,32.26,33.1,43.44,4489.31,MODELED_REVENUE,MEDIUM,OBSERVED,VOLUME_OPPORTUNITY: tested price grid and selected -25% because it maximizes modeled RevPAR (33.10 -> 43.44) under the estimated price-volume response.
2026,5,Camera Superior,,PRICE_DOWN,Change ROOM ADR -25% (158.72 → 119.04),16.94,29.64,26.88,35.28,2083.24,MODELED_REVENUE,MEDIUM,OBSERVED,VOLUME_OPPORTUNITY: tested price grid and selected -25% because it maximizes modeled RevPAR (26.88 -> 35.28) under the estimated price-volume response.
2026,5,Appartamento Area Giardino,,PRICE_DOWN,Change ROOM ADR -15% (171.24 → 145.56),16.24,19.9,27.82,28.96,995.98,MODELED_REVENUE,LOW,PRIOR,VOLUME_OPPORTUNITY: tested price grid and selected -15% because it maximizes modeled RevPAR (27.82 -> 28.96) under the estimated price-volume response.
2026,5,Camera Deluxe,,PRICE_DOWN,Change ROOM ADR -15% (177.35 → 150.75),10.32,12.65,18.31,19.06,117.05,MODELED_REVENUE,LOW,PRIOR,VOLUME_OPPORTUNITY: tested price grid and selected -15% because it maximizes modeled RevPAR (18.31 -> 19.06) under the estimated price-volume response.
2026,5,Camera  Standard,Mezza Pensione → Pensione Completa,PROMOTE_UPSELL,Camera  Standard · month 5: promote Mezza Pensione → Pensione Completa to a controlled test cohort (10% target).,,,,,115.27,NON_ADDITIVE_TEST_PROXY,MEDIUM,OBSERVED_TREATMENT_MIX,Higher board already represents 75.9% of bookings in this room-month; observed total-ADR premium €76.85.
2026,5,OTA Camera Standard,,PRICE_DOWN,Change ROOM ADR -15% (141.42 → 120.21),4.3,5.27,6.08,6.33,23.33,MODELED_REVENUE,LOW,PRIOR,VOLUME_OPPORTUNITY: tested price grid and selected -15% because it maximizes modeled RevPAR (6.08 -> 6.33) under the estimated price-volume response.
2026,5,Villino 2Ten,,PRICE_DOWN,Change ROOM ADR -15% (112.20 → 95.37),16.13,19.76,18.1,18.84,23.14,MODELED_REVENUE,LOW,PRIOR,VOLUME_OPPORTUNITY: tested price grid and selected -15% because it maximizes modeled RevPAR (18.10 -> 18.84) under the estimated price-volume response.
2026,5,Villino Double,,PRICE_DOWN,Change ROOM ADR -15% (110.38 → 93.82),16.13,19.76,17.8,18.54,22.77,MODELED_REVENUE,LOW,PRIOR,VOLUME_OPPORTUNITY: tested price grid and selected -15% because it maximizes modeled RevPAR (17.80 -> 18.54) under the estimated price-volume response.
2026,5,Suite Familiare,,PRICE_DOWN,Change ROOM ADR -15% (140.00 → 119.00),9.68,11.85,13.55,14.11,17.32,MODELED_REVENUE,LOW,PRIOR,VOLUME_OPPORTUNITY: tested price grid and selected -15% because it maximizes modeled RevPAR (13.55 -> 14.11) under the estimated price-volume response.
2026,6,Appartamento Area Giardino,,PRICE_DOWN,Change ROOM ADR -25% (175.46 → 131.60),59.05,97.7,103.61,128.57,20969.76,MODELED_REVENUE,MEDIUM,OBSERVED,BALANCED: tested price grid and selected -25% because it maximizes modeled RevPAR (103.61 -> 128.57) under the estimated price-volume response.
2026,6,Appartamento Area Giardino,Mezza Pensione,PACKAGE_PRICE_UP,Test TOTAL PACKAGE ADR +10% for Mezza Pensione,,,,,6250.107,NON_ADDITIVE_PACKAGE_SIMULATION,HIGH,OBSERVED_YOY_PRICE_AND_VOLUME,Total ADR YoY +9.7% while room-night volume YoY +34.4%.
2026,6,Appartamento Area Piscina,,PRICE_DOWN,Change ROOM ADR -20% (188.96 → 151.17),61.11,82.8,115.48,125.17,5236.75,MODELED_REVENUE,MEDIUM,OBSERVED,BALANCED: tested price grid and selected -20% because it maximizes modeled RevPAR (115.48 -> 125.17) under the estimated price-volume response.
2026,6,Camera Deluxe,,PRICE_DOWN,Change ROOM ADR -25% (205.02 → 153.77),52.0,91.0,106.61,139.93,4997.39,MODELED_REVENUE,MEDIUM,OBSERVED,VOLUME_OPPORTUNITY: tested price grid and selected -25% because it maximizes modeled RevPAR (106.61 -> 139.93) under the estimated price-volume response.
2026,6,Camera Superior,,PRICE_UP,Change ROOM ADR +10% (178.58 → 196.44),90.83,88.56,162.21,173.97,2822.45,MODELED_REVENUE,LOW,PRIOR,PRICE_POWER: tested price grid and selected +10% because it maximizes modeled RevPAR (162.21 -> 173.97) under the estimated price-volume response.
2026,6,Appartamento Area Piscina,Mezza Pensione → Pensione Completa,PROMOTE_UPSELL,Appartamento Area Piscina · month 6: promote Mezza Pensione → Pensione Completa to a controlled test cohort (10% target).,,,,,841.96,NON_ADDITIVE_TEST_PROXY,MEDIUM,OBSERVED_TREATMENT_MIX,Higher board already represents 28.8% of bookings in this room-month; observed total-ADR premium €37.09.
2026,6,Villino Double,,PRICE_DOWN,Change ROOM ADR -15% (279.35 → 237.45),76.67,100.0,214.17,237.45,698.37,MODELED_REVENUE,HIGH,OBSERVED,BALANCED: tested price grid and selected -15% because it maximizes modeled RevPAR (214.17 -> 237.45) under the estimated price-volume response.
2026,6,Villino 2Ten,,PRICE_UP,Change ROOM ADR +25% (177.57 → 221.96),66.67,62.5,118.38,138.72,610.39,MODELED_REVENUE,LOW,PRIOR,BALANCED: tested price grid and selected +25% because it maximizes modeled RevPAR (118.38 -> 138.72) under the estimated price-volume response.
2026,6,Appartamento Area Giardino,Mezza Pensione → Pensione Completa,PROMOTE_UPSELL,Appartamento Area Giardino · month 6: promote Mezza Pensione → Pensione Completa to a controlled test cohort (10% target).,,,,,554.12,NON_ADDITIVE_TEST_PROXY,MEDIUM,OBSERVED_TREATMENT_MIX,Higher board already represents 17.8% of bookings in this room-month; observed total-ADR premium €18.66.
2026,6,Camera Superior,Mezza Pensione → Pensione Completa,PROMOTE_UPSELL,Camera Superior · month 6: promote Mezza Pensione → Pensione Completa to a controlled test cohort (10% target).,,,,,320.0,NON_ADDITIVE_TEST_PROXY,MEDIUM,OBSERVED_TREATMENT_MIX,Higher board already represents 29.6% of bookings in this room-month; observed total-ADR premium €21.19.
2026,6,Camera  Standard,,PRICE_DOWN,Change ROOM ADR -5% (143.88 → 136.69),80.95,85.65,116.48,117.08,251.8,MODELED_REVENUE,MEDIUM,OBSERVED,BALANCED: tested price grid and selected -5% because it maximizes modeled RevPAR (116.48 -> 117.08) under the estimated price-volume response.
2026,6,Appartamento Area Giardino,Only Bed → Mezza Pensione,PROMOTE_UPSELL,Appartamento Area Giardino · month 6: promote Only Bed → Mezza Pensione to a controlled test cohort (10% target).,,,,,63.13,NON_ADDITIVE_TEST_PROXY,MEDIUM,OBSERVED_TREATMENT_MIX,Higher board already represents 58.9% of bookings in this room-month; observed total-ADR premium €210.44.
2026,6,OTA Camera Standard,,PRICE_DOWN,Change ROOM ADR -15% (158.50 → 134.73),6.67,8.17,10.57,11.0,39.23,MODELED_REVENUE,LOW,PRIOR,VOLUME_OPPORTUNITY: tested price grid and selected -15% because it maximizes modeled RevPAR (10.57 -> 11.00) under the estimated price-volume response.
2026,7,Appartamento Area Piscina,Mezza Pensione,PACKAGE_PRICE_UP,Test TOTAL PACKAGE ADR +10% for Mezza Pensione,,,,,10278.866000000002,NON_ADDITIVE_PACKAGE_SIMULATION,HIGH,OBSERVED_YOY_PRICE_AND_VOLUME,Total ADR YoY +21.1% while room-night volume YoY +41.6%.
2026,7,Appartamento Area Giardino,Mezza Pensione,PACKAGE_PRICE_UP,Test TOTAL PACKAGE ADR +10% for Mezza Pensione,,,,,8868.982,NON_ADDITIVE_PACKAGE_SIMULATION,HIGH,OBSERVED_YOY_PRICE_AND_VOLUME,Total ADR YoY +28.8% while room-night volume YoY +4.7%.
2026,7,Camera Superior,Mezza Pensione,PACKAGE_PRICE_UP,Test TOTAL PACKAGE ADR +10% for Mezza Pensione,,,,,6397.431,NON_ADDITIVE_PACKAGE_SIMULATION,MEDIUM,OBSERVED_YOY_PRICE_AND_VOLUME,Total ADR YoY +23.8% while room-night volume YoY +100.9%.
2026,7,Camera  Standard,Mezza Pensione,PACKAGE_PRICE_UP,Test TOTAL PACKAGE ADR +10% for Mezza Pensione,,,,,6277.462,NON_ADDITIVE_PACKAGE_SIMULATION,HIGH,OBSERVED_YOY_PRICE_AND_VOLUME,Total ADR YoY +11.9% while room-night volume YoY +40.1%.
2026,7,Camera Deluxe,,PRICE_UP,Change ROOM ADR +25% (346.65 → 433.32),67.74,57.74,234.83,250.21,2383.61,MODELED_REVENUE,MEDIUM,OBSERVED,BALANCED: tested price grid and selected +25% because it maximizes modeled RevPAR (234.83 -> 250.21) under the estimated price-volume response.
2026,7,Camera  Standard,,PRICE_UP,Change ROOM ADR +5% (213.36 → 224.03),94.7,92.61,202.06,207.47,2350.39,MODELED_REVENUE,MEDIUM,OBSERVED,PRICE_POWER: tested price grid and selected +5% because it maximizes modeled RevPAR (202.06 -> 207.47) under the estimated price-volume response.
2026,7,Villino Double,,PRICE_UP,Change ROOM ADR +25% (356.49 → 445.61),74.19,67.31,264.49,299.92,1098.23,MODELED_REVENUE,HIGH,OBSERVED,BALANCED: tested price grid and selected +25% because it maximizes modeled RevPAR (264.49 -> 299.92) under the estimated price-volume response.
2026,7,Appartamento Area Piscina,Mezza Pensione → Pensione Completa,PROMOTE_UPSELL,Appartamento Area Piscina · month 7: promote Mezza Pensione → Pensione Completa to a controlled test cohort (10% target).,,,,,990.75,NON_ADDITIVE_TEST_PROXY,MEDIUM,OBSERVED_TREATMENT_MIX,Higher board already represents 23.6% of bookings in this room-month; observed total-ADR premium €30.02.
2026,7,Villino 2Ten,,PRICE_DOWN,Change ROOM ADR -25% (210.00 → 157.50),32.26,56.45,67.74,88.91,656.25,MODELED_REVENUE,MEDIUM,OBSERVED,VOLUME_OPPORTUNITY: tested price grid and selected -25% because it maximizes modeled RevPAR (67.74 -> 88.91) under the estimated price-volume response.
2026,7,Suite Familiare Vista Piscina,,PRICE_DOWN,Change ROOM ADR -15% (428.03 → 363.83),45.16,55.32,193.3,201.28,247.19,MODELED_REVENUE,LOW,PRIOR,VOLUME_OPPORTUNITY: tested price grid and selected -15% because it maximizes modeled RevPAR (193.30 -> 201.28) under the estimated price-volume response.
2026,7,Camera  Standard,Mezza Pensione → Pensione Completa,PROMOTE_UPSELL,Camera  Standard · month 7: promote Mezza Pensione → Pensione Completa to a controlled test cohort (10% target).,,,,,214.43,NON_ADDITIVE_TEST_PROXY,MEDIUM,OBSERVED_TREATMENT_MIX,Higher board already represents 31.1% of bookings in this room-month; observed total-ADR premium €7.22.
2026,7,Suite Familiare,,PRICE_DOWN,Change ROOM ADR -25% (150.00 → 112.50),6.45,11.29,9.68,12.7,93.75,MODELED_REVENUE,MEDIUM,OBSERVED,VOLUME_OPPORTUNITY: tested price grid and selected -25% because it maximizes modeled RevPAR (9.68 -> 12.70) under the estimated price-volume response.
2026,7,Appartamento Area Piscina,Only Bed → Mezza Pensione,PROMOTE_UPSELL,Appartamento Area Piscina · month 7: promote Only Bed → Mezza Pensione to a controlled test cohort (10% target).,,,,,62.3,NON_ADDITIVE_TEST_PROXY,MEDIUM,OBSERVED_TREATMENT_MIX,Higher board already represents 65.3% of bookings in this room-month; observed total-ADR premium €311.48.
2025,5,Camera  Standard,,PRICE_DOWN,Change ROOM ADR -25% (223.47 → 167.60),8.29,14.52,18.54,24.33,2514.06,MODELED_REVENUE,MEDIUM,OBSERVED,VOLUME_OPPORTUNITY: tested price grid and selected -25% because it maximizes modeled RevPAR (18.54 -> 24.33) under the estimated price-volume response.
2025,5,Appartamento Area Piscina,,PRICE_DOWN,Change ROOM ADR -25% (206.84 → 155.13),6.81,11.92,14.09,18.49,2456.27,MODELED_REVENUE,MEDIUM,OBSERVED,VOLUME_OPPORTUNITY: tested price grid and selected -25% because it maximizes modeled RevPAR (14.09 -> 18.49) under the estimated price-volume response.
2025,5,Camera Superior,,PRICE_DOWN,Change ROOM ADR -25% (96.57 → 72.43),8.87,15.52,8.57,11.24,663.95,MODELED_REVENUE,MEDIUM,OBSERVED,VOLUME_OPPORTUNITY: tested price grid and selected -25% because it maximizes modeled RevPAR (8.57 -> 11.24) under the estimated price-volume response.
2025,5,Appartamento Area Giardino,,PRICE_DOWN,Change ROOM ADR -15% (141.99 → 120.69),4.03,4.94,5.73,5.96,204.99,MODELED_REVENUE,LOW,PRIOR,VOLUME_OPPORTUNITY: tested price grid and selected -15% because it maximizes modeled RevPAR (5.73 -> 5.96) under the estimated price-volume response.
2025,5,Appartamento Area Piscina,Bed & Breakfast → Pensione Completa,PROMOTE_UPSELL,Appartamento Area Piscina · month 5: promote Bed & Breakfast → Pensione Completa to a controlled test cohort (10% target).,,,,,69.46,NON_ADDITIVE_TEST_PROXY,MEDIUM,OBSERVED_TREATMENT_MIX,Higher board already represents 82.3% of bookings in this room-month; observed total-ADR premium €231.55.
2025,5,Appartamento Area Piscina,Mezza Pensione → Pensione Completa,PROMOTE_UPSELL,Appartamento Area Piscina · month 5: promote Mezza Pensione → Pensione Completa to a controlled test cohort (10% target).,,,,,24.4,NON_ADDITIVE_TEST_PROXY,MEDIUM,OBSERVED_TREATMENT_MIX,Higher board already represents 82.3% of bookings in this room-month; observed total-ADR premium €48.81.
2025,5,Camera Deluxe,,PRICE_DOWN,Change ROOM ADR -15% (47.00 → 39.95),3.23,3.95,1.52,1.58,9.69,MODELED_REVENUE,LOW,PRIOR,VOLUME_OPPORTUNITY: tested price grid and selected -15% because it maximizes modeled RevPAR (1.52 -> 1.58) under the estimated price-volume response.
2025,6,Appartamento Area Giardino,,PRICE_DOWN,Change ROOM ADR -25% (169.67 → 127.25),55.24,91.4,93.72,116.3,18969.28,MODELED_REVENUE,MEDIUM,OBSERVED,BALANCED: tested price grid and selected -25% because it maximizes modeled RevPAR (93.72 -> 116.30) under the estimated price-volume response.
2025,6,Appartamento Area Piscina,,PRICE_DOWN,Change ROOM ADR -20% (174.88 → 139.91),71.3,96.6,124.69,135.16,5654.42,MODELED_REVENUE,MEDIUM,OBSERVED,BALANCED: tested price grid and selected -20% because it maximizes modeled RevPAR (124.69 -> 135.16) under the estimated price-volume response.
2025,6,Camera Superior,,PRICE_UP,Change ROOM ADR +25% (145.64 → 182.05),81.25,76.17,118.33,138.67,4881.21,MODELED_REVENUE,LOW,PRIOR,BALANCED: tested price grid and selected +25% because it maximizes modeled RevPAR (118.33 -> 138.67) under the estimated price-volume response.
2025,6,Appartamento Area Piscina,Mezza Pensione,PACKAGE_PRICE_UP,Test TOTAL PACKAGE ADR +10% for Mezza Pensione,,,,,3635.7589999999996,NON_ADDITIVE_PACKAGE_SIMULATION,HIGH,OBSERVED_YOY_PRICE_AND_VOLUME,Total ADR YoY +5.4% while room-night volume YoY -3.5%.
2025,6,Camera Deluxe,,PRICE_DOWN,Change ROOM ADR -5% (201.29 → 191.22),84.0,96.6,169.08,184.72,2346.0,MODELED_REVENUE,MEDIUM,OBSERVED,BALANCED: tested price grid and selected -5% because it maximizes modeled RevPAR (169.08 -> 184.72) under the estimated price-volume response.
2025,6,Suite Familiare Vista Piscina,,PRICE_UP,Change ROOM ADR +25% (228.07 → 285.09),66.67,66.67,152.05,190.06,1140.35,MODELED_REVENUE,MEDIUM,OBSERVED,BALANCED: tested price grid and selected +25% because it maximizes modeled RevPAR (152.05 -> 190.06) under the estimated price-volume response.
2025,6,Appartamento Area Giardino,Mezza Pensione → Pensione Completa,PROMOTE_UPSELL,Appartamento Area Giardino · month 6: promote Mezza Pensione → Pensione Completa to a controlled test cohort (10% target).,,,,,1048.78,NON_ADDITIVE_TEST_PROXY,MEDIUM,OBSERVED_TREATMENT_MIX,Higher board already represents 22.7% of bookings in this room-month; observed total-ADR premium €47.46.
2025,6,Appartamento Area Giardino,Bed & Breakfast → Mezza Pensione,PROMOTE_UPSELL,Appartamento Area Giardino · month 6: promote Bed & Breakfast → Mezza Pensione to a controlled test cohort (10% target).,,,,,613.26,NON_ADDITIVE_TEST_PROXY,MEDIUM,OBSERVED_TREATMENT_MIX,Higher board already represents 48.5% of bookings in this room-month; observed total-ADR premium €81.77.
2025,6,Appartamento Area Piscina,Bed & Breakfast → Mezza Pensione,PROMOTE_UPSELL,Appartamento Area Piscina · month 6: promote Bed & Breakfast → Mezza Pensione to a controlled test cohort (10% target).,,,,,532.36,NON_ADDITIVE_TEST_PROXY,MEDIUM,OBSERVED_TREATMENT_MIX,Higher board already represents 42.7% of bookings in this room-month; observed total-ADR premium €77.15.
2025,6,Villino Double,,PRICE_DOWN,Change ROOM ADR -25% (410.93 → 308.20),23.33,36.49,95.88,112.45,497.1,MODELED_REVENUE,HIGH,OBSERVED,VOLUME_OPPORTUNITY: tested price grid and selected -25% because it maximizes modeled RevPAR (95.88 -> 112.45) under the estimated price-volume response.
2025,6,Camera Superior,Bed & Breakfast → Mezza Pensione,PROMOTE_UPSELL,Camera Superior · month 6: promote Bed & Breakfast → Mezza Pensione to a controlled test cohort (10% target).,,,,,480.43,NON_ADDITIVE_TEST_PROXY,MEDIUM,OBSERVED_TREATMENT_MIX,Higher board already represents 38.1% of bookings in this room-month; observed total-ADR premium €60.05.
2025,6,Appartamento Area Giardino,Only Bed → Bed & Breakfast,PROMOTE_UPSELL,Appartamento Area Giardino · month 6: promote Only Bed → Bed & Breakfast to a controlled test cohort (10% target).,,,,,453.76,NON_ADDITIVE_TEST_PROXY,MEDIUM,OBSERVED_TREATMENT_MIX,Higher board already represents 20.6% of bookings in this room-month; observed total-ADR premium €76.91.
2025,6,Appartamento Area Piscina,Mezza Pensione → Pensione Completa,PROMOTE_UPSELL,Appartamento Area Piscina · month 6: promote Mezza Pensione → Pensione Completa to a controlled test cohort (10% target).,,,,,424.29,NON_ADDITIVE_TEST_PROXY,MEDIUM,OBSERVED_TREATMENT_MIX,Higher board already represents 20.0% of bookings in this room-month; observed total-ADR premium €21.98.
2025,6,Camera  Standard,Mezza Pensione → Pensione Completa,PROMOTE_UPSELL,Camera  Standard · month 6: promote Mezza Pensione → Pensione Completa to a controlled test cohort (10% target).,,,,,359.94,NON_ADDITIVE_TEST_PROXY,MEDIUM,OBSERVED_TREATMENT_MIX,Higher board already represents 24.1% of bookings in this room-month; observed total-ADR premium €20.22.
2025,6,Camera  Standard,Bed & Breakfast → Mezza Pensione,PROMOTE_UPSELL,Camera  Standard · month 6: promote Bed & Breakfast → Mezza Pensione to a controlled test cohort (10% target).,,,,,243.6,NON_ADDITIVE_TEST_PROXY,MEDIUM,OBSERVED_TREATMENT_MIX,Higher board already represents 47.0% of bookings in this room-month; observed total-ADR premium €39.93.
2025,6,Camera  Standard,,PRICE_DOWN,Change ROOM ADR -5% (141.79 → 134.70),73.1,77.34,103.64,104.18,224.05,MODELED_REVENUE,MEDIUM,OBSERVED,BALANCED: tested price grid and selected -5% because it maximizes modeled RevPAR (103.64 -> 104.18) under the estimated price-volume response.
2025,6,Camera Deluxe,Bed & Breakfast → Pensione Completa,PROMOTE_UPSELL,Camera Deluxe · month 6: promote Bed & Breakfast → Pensione Completa to a controlled test cohort (10% target).,,,,,159.82,NON_ADDITIVE_TEST_PROXY,MEDIUM,OBSERVED_TREATMENT_MIX,Higher board already represents 52.0% of bookings in this room-month; observed total-ADR premium €106.54.
2025,6,Camera Deluxe,Mezza Pensione → Pensione Completa,PROMOTE_UPSELL,Camera Deluxe · month 6: promote Mezza Pensione → Pensione Completa to a controlled test cohort (10% target).,,,,,51.08,NON_ADDITIVE_TEST_PROXY,MEDIUM,OBSERVED_TREATMENT_MIX,Higher board already represents 52.0% of bookings in this room-month; observed total-ADR premium €14.19.
2025,7,Appartamento Area Giardino,Mezza Pensione,PACKAGE_PRICE_UP,Test TOTAL PACKAGE ADR +10% for Mezza Pensione,,,,,6576.425,NON_ADDITIVE_PACKAGE_SIMULATION,MEDIUM,OBSERVED_YOY_PRICE_AND_VOLUME,Total ADR YoY +110.8% while room-night volume YoY +77.1%.
2025,7,Appartamento Area Giardino,Only Bed → Mezza Pensione,PROMOTE_UPSELL,Appartamento Area Giardino · month 7: promote Only Bed → Mezza Pensione to a controlled test cohort (10% target).,,,,,5370.41,NON_ADDITIVE_TEST_PROXY,HIGH,OBSERVED_TREATMENT_MIX,Higher board already represents 41.6% of bookings in this room-month; observed total-ADR premium €170.49.
2025,7,Appartamento Area Giardino,Bed & Breakfast → Mezza Pensione,PROMOTE_UPSELL,Appartamento Area Giardino · month 7: promote Bed & Breakfast → Mezza Pensione to a controlled test cohort (10% target).,,,,,995.34,NON_ADDITIVE_TEST_PROXY,MEDIUM,OBSERVED_TREATMENT_MIX,Higher board already represents 41.6% of bookings in this room-month; observed total-ADR premium €148.56.
2025,7,Villino 2Ten,,PRICE_DOWN,Change ROOM ADR -25% (192.67 → 144.50),48.39,84.68,93.23,122.36,903.13,MODELED_REVENUE,MEDIUM,OBSERVED,VOLUME_OPPORTUNITY: tested price grid and selected -25% because it maximizes modeled RevPAR (93.23 -> 122.36) under the estimated price-volume response.
2025,7,Villino Double,,PRICE_UP,Change ROOM ADR +25% (261.32 → 326.65),80.65,73.16,210.74,238.97,875.06,MODELED_REVENUE,HIGH,OBSERVED,BALANCED: tested price grid and selected +25% because it maximizes modeled RevPAR (210.74 -> 238.97) under the estimated price-volume response.
2025,7,Appartamento Area Piscina,Only Bed → Bed & Breakfast,PROMOTE_UPSELL,Appartamento Area Piscina · month 7: promote Only Bed → Bed & Breakfast to a controlled test cohort (10% target).,,,,,781.36,NON_ADDITIVE_TEST_PROXY,MEDIUM,OBSERVED_TREATMENT_MIX,Higher board already represents 16.9% of bookings in this room-month; observed total-ADR premium €211.18.
2025,7,Camera Deluxe,Bed & Breakfast → Mezza Pensione,PROMOTE_UPSELL,Camera Deluxe · month 7: promote Bed & Breakfast → Mezza Pensione to a controlled test cohort (10% target).,,,,,747.21,NON_ADDITIVE_TEST_PROXY,MEDIUM,OBSERVED_TREATMENT_MIX,Higher board already represents 35.7% of bookings in this room-month; observed total-ADR premium €186.80.
2025,7,Camera Deluxe,,PRICE_UP,Change ROOM ADR +5% (224.18 → 235.39),100.0,97.05,224.18,228.44,660.26,MODELED_REVENUE,MEDIUM,OBSERVED,PRICE_POWER: tested price grid and selected +5% because it maximizes modeled RevPAR (224.18 -> 228.44) under the estimated price-volume response.
2025,7,Camera  Standard,Bed & Breakfast → Mezza Pensione,PROMOTE_UPSELL,Camera  Standard · month 7: promote Bed & Breakfast → Mezza Pensione to a controlled test cohort (10% target).,,,,,548.22,NON_ADDITIVE_TEST_PROXY,MEDIUM,OBSERVED_TREATMENT_MIX,Higher board already represents 41.1% of bookings in this room-month; observed total-ADR premium €42.83.
2025,7,Appartamento Area Piscina,Bed & Breakfast → Mezza Pensione,PROMOTE_UPSELL,Appartamento Area Piscina · month 7: promote Bed & Breakfast → Mezza Pensione to a controlled test cohort (10% target).,,,,,442.12,NON_ADDITIVE_TEST_PROXY,MEDIUM,OBSERVED_TREATMENT_MIX,Higher board already represents 49.3% of bookings in this room-month; observed total-ADR premium €46.05.
2025,7,Appartamento Area Giardino,Mezza Pensione → Pensione Completa,PROMOTE_UPSELL,Appartamento Area Giardino · month 7: promote Mezza Pensione → Pensione Completa to a controlled test cohort (10% target).,,,,,385.18,NON_ADDITIVE_TEST_PROXY,MEDIUM,OBSERVED_TREATMENT_MIX,Higher board already represents 14.8% of bookings in this room-month; observed total-ADR premium €13.86.
2025,7,Camera Superior,Bed & Breakfast → Mezza Pensione,PROMOTE_UPSELL,Camera Superior · month 7: promote Bed & Breakfast → Mezza Pensione to a controlled test cohort (10% target).,,,,,277.3,NON_ADDITIVE_TEST_PROXY,MEDIUM,OBSERVED_TREATMENT_MIX,Higher board already represents 42.0% of bookings in this room-month; observed total-ADR premium €50.42.
2025,7,Suite Familiare Vista Piscina,,PRICE_DOWN,Change ROOM ADR -15% (356.66 → 303.16),22.58,27.66,80.54,83.86,102.99,MODELED_REVENUE,LOW,PRIOR,VOLUME_OPPORTUNITY: tested price grid and selected -15% because it maximizes modeled RevPAR (80.54 -> 83.86) under the estimated price-volume response.
2025,8,Appartamento Area Giardino,,PRICE_UP,Change ROOM ADR +10% (167.78 → 184.55),102.53,100.0,172.03,184.55,10871.93,MODELED_REVENUE,MEDIUM,OBSERVED,PRICE_POWER: tested price grid and selected +10% because it maximizes modeled RevPAR (172.03 -> 184.55) under the estimated price-volume response.
2025,8,Camera  Standard,,PRICE_UP,Change ROOM ADR +10% (205.85 → 226.44),102.76,100.0,211.54,226.44,6463.78,MODELED_REVENUE,LOW,PRIOR,PRICE_POWER: tested price grid and selected +10% because it maximizes modeled RevPAR (211.54 -> 226.44) under the estimated price-volume response.
2025,8,Camera Deluxe,,PRICE_UP,Change ROOM ADR +25% (293.12 → 366.40),63.23,59.27,185.33,217.18,4937.23,MODELED_REVENUE,LOW,PRIOR,BALANCED: tested price grid and selected +25% because it maximizes modeled RevPAR (185.33 -> 217.18) under the estimated price-volume response.
2025,8,Appartamento Area Giardino,Only Bed → Bed & Breakfast,PROMOTE_UPSELL,Appartamento Area Giardino · month 8: promote Only Bed → Bed & Breakfast to a controlled test cohort (10% target).,,,,,1711.88,NON_ADDITIVE_TEST_PROXY,MEDIUM,OBSERVED_TREATMENT_MIX,Higher board already represents 17.1% of bookings in this room-month; observed total-ADR premium €43.56.
2025,8,Appartamento Area Piscina,Only Bed → Mezza Pensione,PROMOTE_UPSELL,Appartamento Area Piscina · month 8: promote Only Bed → Mezza Pensione to a controlled test cohort (10% target).,,,,,1488.52,NON_ADDITIVE_TEST_PROXY,MEDIUM,OBSERVED_TREATMENT_MIX,Higher board already represents 51.4% of bookings in this room-month; observed total-ADR premium €160.06.
2025,8,Appartamento Area Giardino,Bed & Breakfast → Mezza Pensione,PROMOTE_UPSELL,Appartamento Area Giardino · month 8: promote Bed & Breakfast → Mezza Pensione to a controlled test cohort (10% target).,,,,,1240.92,NON_ADDITIVE_TEST_PROXY,MEDIUM,OBSERVED_TREATMENT_MIX,Higher board already represents 33.3% of bookings in this room-month; observed total-ADR premium €100.89.
2025,8,Appartamento Area Giardino,Mezza Pensione → Pensione Completa,PROMOTE_UPSELL,Appartamento Area Giardino · month 8: promote Mezza Pensione → Pensione Completa to a controlled test cohort (10% target).,,,,,850.11,NON_ADDITIVE_TEST_PROXY,MEDIUM,OBSERVED_TREATMENT_MIX,Higher board already represents 10.3% of bookings in this room-month; observed total-ADR premium €30.25.
2025,8,Suite Familiare Vista Piscina,,PRICE_UP,Change ROOM ADR +10% (398.72 → 438.60),93.55,91.21,373.0,400.04,838.32,MODELED_REVENUE,LOW,PRIOR,PRICE_POWER: tested price grid and selected +10% because it maximizes modeled RevPAR (373.00 -> 400.04) under the estimated price-volume response.
2025,8,Camera  Standard,Bed & Breakfast → Mezza Pensione,PROMOTE_UPSELL,Camera  Standard · month 8: promote Bed & Breakfast → Mezza Pensione to a controlled test cohort (10% target).,,,,,615.45,NON_ADDITIVE_TEST_PROXY,MEDIUM,OBSERVED_TREATMENT_MIX,Higher board already represents 46.0% of bookings in this room-month; observed total-ADR premium €69.94.
2025,8,Camera Superior,Bed & Breakfast → Mezza Pensione,PROMOTE_UPSELL,Camera Superior · month 8: promote Bed & Breakfast → Mezza Pensione to a controlled test cohort (10% target).,,,,,565.98,NON_ADDITIVE_TEST_PROXY,MEDIUM,OBSERVED_TREATMENT_MIX,Higher board already represents 46.0% of bookings in this room-month; observed total-ADR premium €83.23.
2025,8,Villino 2Ten,,PRICE_UP,Change ROOM ADR +25% (360.66 → 450.82),74.19,63.12,267.59,284.55,526.02,MODELED_REVENUE,MEDIUM,OBSERVED,BALANCED: tested price grid and selected +25% because it maximizes modeled RevPAR (267.59 -> 284.55) under the estimated price-volume response.
2025,8,Appartamento Area Piscina,Bed & Breakfast → Mezza Pensione,PROMOTE_UPSELL,Appartamento Area Piscina · month 8: promote Bed & Breakfast → Mezza Pensione to a controlled test cohort (10% target).,,,,,501.23,NON_ADDITIVE_TEST_PROXY,MEDIUM,OBSERVED_TREATMENT_MIX,Higher board already represents 51.4% of bookings in this room-month; observed total-ADR premium €98.28.
2025,8,Villino Double,,PRICE_UP,Change ROOM ADR +10% (195.71 → 215.29),90.32,88.06,176.77,189.59,397.3,MODELED_REVENUE,LOW,PRIOR,PRICE_POWER: tested price grid and selected +10% because it maximizes modeled RevPAR (176.77 -> 189.59) under the estimated price-volume response.
2025,8,Camera Superior,Mezza Pensione → Pensione Completa,PROMOTE_UPSELL,Camera Superior · month 8: promote Mezza Pensione → Pensione Completa to a controlled test cohort (10% target).,,,,,382.01,NON_ADDITIVE_TEST_PROXY,MEDIUM,OBSERVED_TREATMENT_MIX,Higher board already represents 22.0% of bookings in this room-month; observed total-ADR premium €25.99.
2025,8,Camera  Standard,Mezza Pensione → Pensione Completa,PROMOTE_UPSELL,Camera  Standard · month 8: promote Mezza Pensione → Pensione Completa to a controlled test cohort (10% target).,,,,,20.79,NON_ADDITIVE_TEST_PROXY,MEDIUM,OBSERVED_TREATMENT_MIX,Higher board already represents 29.9% of bookings in this room-month; observed total-ADR premium €0.87.
2025,9,Appartamento Area Giardino,,PRICE_DOWN,Change ROOM ADR -20% (202.97 → 162.38),18.1,24.02,36.73,39.0,1906.17,MODELED_REVENUE,MEDIUM,OBSERVED,VOLUME_OPPORTUNITY: tested price grid and selected -20% because it maximizes modeled RevPAR (36.73 -> 39.00) under the estimated price-volume response.
2025,9,Camera Deluxe,,PRICE_DOWN,Change ROOM ADR -25% (201.59 → 151.19),42.0,63.34,84.67,95.76,1664.22,MODELED_REVENUE,MEDIUM,OBSERVED,VOLUME_OPPORTUNITY: tested price grid and selected -25% because it maximizes modeled RevPAR (84.67 -> 95.76) under the estimated price-volume response.
2025,9,Camera Superior,,PRICE_DOWN,Change ROOM ADR -25% (162.01 → 121.51),34.17,50.77,55.35,61.69,1520.3,MODELED_REVENUE,MEDIUM,OBSERVED,VOLUME_OPPORTUNITY: tested price grid and selected -25% because it maximizes modeled RevPAR (55.35 -> 61.69) under the estimated price-volume response.
2025,9,Appartamento Area Piscina,,PRICE_DOWN,Change ROOM ADR -15% (173.83 → 147.75),28.15,34.48,48.93,50.95,1089.9,MODELED_REVENUE,LOW,PRIOR,VOLUME_OPPORTUNITY: tested price grid and selected -15% because it maximizes modeled RevPAR (48.93 -> 50.95) under the estimated price-volume response.
2025,9,Camera  Standard,,PRICE_DOWN,Change ROOM ADR -15% (128.27 → 109.03),40.24,49.29,51.61,53.74,894.17,MODELED_REVENUE,LOW,PRIOR,VOLUME_OPPORTUNITY: tested price grid and selected -15% because it maximizes modeled RevPAR (51.61 -> 53.74) under the estimated price-volume response.
2025,9,Camera Superior,Bed & Breakfast → Mezza Pensione,PROMOTE_UPSELL,Camera Superior · month 9: promote Bed & Breakfast → Mezza Pensione to a controlled test cohort (10% target).,,,,,332.76,NON_ADDITIVE_TEST_PROXY,MEDIUM,OBSERVED_TREATMENT_MIX,Higher board already represents 48.1% of bookings in this room-month; observed total-ADR premium €123.24.
2025,9,Appartamento Area Piscina,Bed & Breakfast → Mezza Pensione,PROMOTE_UPSELL,Appartamento Area Piscina · month 9: promote Bed & Breakfast → Mezza Pensione to a controlled test cohort (10% target).,,,,,187.5,NON_ADDITIVE_TEST_PROXY,MEDIUM,OBSERVED_TREATMENT_MIX,Higher board already represents 63.3% of bookings in this room-month; observed total-ADR premium €53.57.
2025,9,Camera  Standard,Bed & Breakfast → Mezza Pensione,PROMOTE_UPSELL,Camera  Standard · month 9: promote Bed & Breakfast → Mezza Pensione to a controlled test cohort (10% target).,,,,,151.52,NON_ADDITIVE_TEST_PROXY,MEDIUM,OBSERVED_TREATMENT_MIX,Higher board already represents 52.5% of bookings in this room-month; observed total-ADR premium €48.88.
2025,9,Appartamento Area Giardino,Bed & Breakfast → Mezza Pensione,PROMOTE_UPSELL,Appartamento Area Giardino · month 9: promote Bed & Breakfast → Mezza Pensione to a controlled test cohort (10% target).,,,,,149.93,NON_ADDITIVE_TEST_PROXY,MEDIUM,OBSERVED_TREATMENT_MIX,Higher board already represents 74.4% of bookings in this room-month; observed total-ADR premium €68.15.
2025,9,Appartamento Area Giardino,Only Bed → Mezza Pensione,PROMOTE_UPSELL,Appartamento Area Giardino · month 9: promote Only Bed → Mezza Pensione to a controlled test cohort (10% target).,,,,,57.05,NON_ADDITIVE_TEST_PROXY,MEDIUM,OBSERVED_TREATMENT_MIX,Higher board already represents 74.4% of bookings in this room-month; observed total-ADR premium €114.09.
2024,5,Camera  Standard,,PRICE_DOWN,Change ROOM ADR -25% (124.25 → 93.19),1.84,3.23,2.29,3.01,310.62,MODELED_REVENUE,MEDIUM,OBSERVED,VOLUME_OPPORTUNITY: tested price grid and selected -25% because it maximizes modeled RevPAR (2.29 -> 3.01) under the estimated price-volume response.
2024,5,Camera Superior,,PRICE_DOWN,Change ROOM ADR -25% (345.00 → 258.75),0.81,1.41,2.78,3.65,215.62,MODELED_REVENUE,MEDIUM,OBSERVED,VOLUME_OPPORTUNITY: tested price grid and selected -25% because it maximizes modeled RevPAR (2.78 -> 3.65) under the estimated price-volume response.
2024,6,Camera Superior,,PRICE_UP,Change ROOM ADR +25% (143.53 → 179.41),80.42,75.39,115.42,135.26,4761.01,MODELED_REVENUE,LOW,PRIOR,BALANCED: tested price grid and selected +25% because it maximizes modeled RevPAR (115.42 -> 135.26) under the estimated price-volume response.
2024,6,Suite Familiare Vista Piscina,,PRICE_UP,Change ROOM ADR +25% (235.72 → 294.66),66.67,66.67,157.15,196.44,1178.62,MODELED_REVENUE,MEDIUM,OBSERVED,BALANCED: tested price grid and selected +25% because it maximizes modeled RevPAR (157.15 -> 196.44) under the estimated price-volume response.
2024,6,Villino Double,,PRICE_DOWN,Change ROOM ADR -20% (285.07 → 228.06),70.0,100.0,199.55,228.06,855.21,MODELED_REVENUE,HIGH,OBSERVED,BALANCED: tested price grid and selected -20% because it maximizes modeled RevPAR (199.55 -> 228.06) under the estimated price-volume response.
2024,6,Appartamento Area Giardino,Solo Pernottamento → Mezza Pensione,PROMOTE_UPSELL,Appartamento Area Giardino · month 6: promote Solo Pernottamento → Mezza Pensione to a controlled test cohort (10% target).,,,,,696.19,NON_ADDITIVE_TEST_PROXY,MEDIUM,OBSERVED_TREATMENT_MIX,Higher board already represents 40.0% of bookings in this room-month; observed total-ADR premium €169.80.
2024,6,Suite Familiare,,PRICE_UP,Change ROOM ADR +10% (277.86 → 305.64),93.33,91.0,259.33,278.14,564.05,MODELED_REVENUE,LOW,PRIOR,PRICE_POWER: tested price grid and selected +10% because it maximizes modeled RevPAR (259.33 -> 278.14) under the estimated price-volume response.
2024,6,Villino 2Ten,,PRICE_UP,Change ROOM ADR +25% (108.57 → 135.71),70.0,65.62,76.0,89.06,391.88,MODELED_REVENUE,LOW,PRIOR,BALANCED: tested price grid and selected +25% because it maximizes modeled RevPAR (76.00 -> 89.06) under the estimated price-volume response.
2024,6,Camera Superior,Mezza Pensione → Pensione Completa,PROMOTE_UPSELL,Camera Superior · month 6: promote Mezza Pensione → Pensione Completa to a controlled test cohort (10% target).,,,,,163.84,NON_ADDITIVE_TEST_PROXY,MEDIUM,OBSERVED_TREATMENT_MIX,Higher board already represents 58.8% of bookings in this room-month; observed total-ADR premium €18.62.
2024,6,Appartamento Area Giardino,Bed & Breakfast → Mezza Pensione,PROMOTE_UPSELL,Appartamento Area Giardino · month 6: promote Bed & Breakfast → Mezza Pensione to a controlled test cohort (10% target).,,,,,105.12,NON_ADDITIVE_TEST_PROXY,MEDIUM,OBSERVED_TREATMENT_MIX,Higher board already represents 40.0% of bookings in this room-month; observed total-ADR premium €75.09.
2024,6,Camera Superior,Solo Pernottamento → Mezza Pensione,PROMOTE_UPSELL,Camera Superior · month 6: promote Solo Pernottamento → Mezza Pensione to a controlled test cohort (10% target).,,,,,54.65,NON_ADDITIVE_TEST_PROXY,MEDIUM,OBSERVED_TREATMENT_MIX,Higher board already represents 38.2% of bookings in this room-month; observed total-ADR premium €136.61.
2024,6,Camera  Standard,No Board → Mezza Pensione,PROMOTE_UPSELL,Camera  Standard · month 6: promote No Board → Mezza Pensione to a controlled test cohort (10% target).,,,,,11.04,NON_ADDITIVE_TEST_PROXY,MEDIUM,OBSERVED_TREATMENT_MIX,Higher board already represents 40.0% of bookings in this room-month; observed total-ADR premium €110.41.
2024,7,Camera Superior,,PRICE_UP,Change ROOM ADR +15% (274.31 → 315.45),98.79,96.34,270.99,303.92,8166.16,MODELED_REVENUE,HIGH,OBSERVED,PRICE_POWER: tested price grid and selected +15% because it maximizes modeled RevPAR (270.99 -> 303.92) under the estimated price-volume response.
2024,7,Camera  Standard,,PRICE_UP,Change ROOM ADR +25% (137.75 → 172.19),76.27,67.84,105.06,116.82,5103.04,MODELED_REVENUE,MEDIUM,OBSERVED,BALANCED: tested price grid and selected +25% because it maximizes modeled RevPAR (105.06 -> 116.82) under the estimated price-volume response.
2024,7,Appartamento Area Giardino,Mezza Pensione → Pensione Completa,PROMOTE_UPSELL,Appartamento Area Giardino · month 7: promote Mezza Pensione → Pensione Completa to a controlled test cohort (10% target).,,,,,1675.91,NON_ADDITIVE_TEST_PROXY,MEDIUM,OBSERVED_TREATMENT_MIX,Higher board already represents 51.8% of bookings in this room-month; observed total-ADR premium €106.75.
2024,7,Suite Familiare,,PRICE_DOWN,Change ROOM ADR -25% (412.08 → 309.06),38.71,67.74,159.52,209.36,1545.31,MODELED_REVENUE,MEDIUM,OBSERVED,VOLUME_OPPORTUNITY: tested price grid and selected -25% because it maximizes modeled RevPAR (159.52 -> 209.36) under the estimated price-volume response.
2024,7,Appartamento Area Giardino,Mezza Pensione Pranzo → Pensione Completa,PROMOTE_UPSELL,Appartamento Area Giardino · month 7: promote Mezza Pensione Pranzo → Pensione Completa to a controlled test cohort (10% target).,,,,,1281.7,NON_ADDITIVE_TEST_PROXY,MEDIUM,OBSERVED_TREATMENT_MIX,Higher board already represents 51.8% of bookings in this room-month; observed total-ADR premium €183.10.
2024,7,Villino Double,,PRICE_UP,Change ROOM ADR +25% (410.98 → 513.72),67.74,61.45,278.4,315.69,1156.0,MODELED_REVENUE,HIGH,OBSERVED,BALANCED: tested price grid and selected +25% because it maximizes modeled RevPAR (278.40 -> 315.69) under the estimated price-volume response.
2024,7,Appartamento Area Piscina,,PRICE_UP,Change ROOM ADR +10% (292.49 → 321.74),71.33,65.41,208.62,210.46,1027.44,MODELED_REVENUE,HIGH,OBSERVED,BALANCED: tested price grid and selected +10% because it maximizes modeled RevPAR (208.62 -> 210.46) under the estimated price-volume response.
2024,7,Appartamento Area Giardino,Solo Pernottamento → Mezza Pensione,PROMOTE_UPSELL,Appartamento Area Giardino · month 7: promote Solo Pernottamento → Mezza Pensione to a controlled test cohort (10% target).,,,,,479.94,NON_ADDITIVE_TEST_PROXY,MEDIUM,OBSERVED_TREATMENT_MIX,Higher board already represents 15.2% of bookings in this room-month; observed total-ADR premium €97.95.
2024,7,Villino 2Ten,,PRICE_DOWN,Change ROOM ADR -25% (113.31 → 84.98),41.94,73.39,47.52,62.36,460.31,MODELED_REVENUE,MEDIUM,OBSERVED,VOLUME_OPPORTUNITY: tested price grid and selected -25% because it maximizes modeled RevPAR (47.52 -> 62.36) under the estimated price-volume response.
2024,8,Camera  Standard,,PRICE_UP,Change ROOM ADR +25% (170.00 → 212.50),74.19,69.56,126.13,147.81,9408.52,MODELED_REVENUE,LOW,PRIOR,BALANCED: tested price grid and selected +25% because it maximizes modeled RevPAR (126.13 -> 147.81) under the estimated price-volume response.
2024,8,Appartamento Area Giardino,Solo Pernottamento → Mezza Pensione,PROMOTE_UPSELL,Appartamento Area Giardino · month 8: promote Solo Pernottamento → Mezza Pensione to a controlled test cohort (10% target).,,,,,7997.18,NON_ADDITIVE_TEST_PROXY,MEDIUM,OBSERVED_TREATMENT_MIX,Higher board already represents 16.3% of bookings in this room-month; observed total-ADR premium €292.94.
2024,8,Appartamento Area Piscina,,PRICE_UP,Change ROOM ADR +20% (331.69 → 398.03),82.62,70.7,274.03,281.42,4125.26,MODELED_REVENUE,MEDIUM,OBSERVED,BALANCED: tested price grid and selected +20% because it maximizes modeled RevPAR (274.03 -> 281.42) under the estimated price-volume response.
2024,8,Villino Double,,PRICE_UP,Change ROOM ADR +10% (415.41 → 456.96),93.55,91.21,388.61,416.79,873.41,MODELED_REVENUE,LOW,PRIOR,PRICE_POWER: tested price grid and selected +10% because it maximizes modeled RevPAR (388.61 -> 416.79) under the estimated price-volume response.
2024,8,Appartamento Area Piscina,Solo Pernottamento → Mezza Pensione,PROMOTE_UPSELL,Appartamento Area Piscina · month 8: promote Solo Pernottamento → Mezza Pensione to a controlled test cohort (10% target).,,,,,817.9,NON_ADDITIVE_TEST_PROXY,MEDIUM,OBSERVED_TREATMENT_MIX,Higher board already represents 36.1% of bookings in this room-month; observed total-ADR premium €389.48.
2024,8,Appartamento Area Giardino,Bed & Breakfast → Mezza Pensione,PROMOTE_UPSELL,Appartamento Area Giardino · month 8: promote Bed & Breakfast → Mezza Pensione to a controlled test cohort (10% target).,,,,,617.01,NON_ADDITIVE_TEST_PROXY,MEDIUM,OBSERVED_TREATMENT_MIX,Higher board already represents 16.3% of bookings in this room-month; observed total-ADR premium €293.82.
2024,8,Appartamento Area Piscina,Bed & Breakfast → Mezza Pensione,PROMOTE_UPSELL,Appartamento Area Piscina · month 8: promote Bed & Breakfast → Mezza Pensione to a controlled test cohort (10% target).,,,,,326.27,NON_ADDITIVE_TEST_PROXY,MEDIUM,OBSERVED_TREATMENT_MIX,Higher board already represents 36.1% of bookings in this room-month; observed total-ADR premium €233.05.
2024,8,Camera Deluxe,Solo Pernottamento → Pensione Completa,PROMOTE_UPSELL,Camera Deluxe · month 8: promote Solo Pernottamento → Pensione Completa to a controlled test cohort (10% target).,,,,,261.85,NON_ADDITIVE_TEST_PROXY,MEDIUM,OBSERVED_TREATMENT_MIX,Higher board already represents 71.4% of bookings in this room-month; observed total-ADR premium €374.07.
2024,8,Camera Deluxe,Mezza Pensione → Pensione Completa,PROMOTE_UPSELL,Camera Deluxe · month 8: promote Mezza Pensione → Pensione Completa to a controlled test cohort (10% target).,,,,,55.78,NON_ADDITIVE_TEST_PROXY,MEDIUM,OBSERVED_TREATMENT_MIX,Higher board already represents 71.4% of bookings in this room-month; observed total-ADR premium €11.38.
2024,9,Appartamento Area Giardino,,PRICE_DOWN,Change ROOM ADR -20% (162.60 → 130.08),30.48,40.45,49.55,52.62,2571.81,MODELED_REVENUE,MEDIUM,OBSERVED,VOLUME_OPPORTUNITY: tested price grid and selected -20% because it maximizes modeled RevPAR (49.55 -> 52.62) under the estimated price-volume response.
2024,9,Camera Deluxe,,PRICE_DOWN,Change ROOM ADR -25% (176.26 → 132.19),59.33,89.48,104.58,118.28,2055.55,MODELED_REVENUE,MEDIUM,OBSERVED,BALANCED: tested price grid and selected -25% because it maximizes modeled RevPAR (104.58 -> 118.28) under the estimated price-volume response.
2024,9,Camera Superior,,PRICE_DOWN,Change ROOM ADR -25% (138.97 → 104.23),50.42,74.91,70.06,78.08,1924.28,MODELED_REVENUE,MEDIUM,OBSERVED,VOLUME_OPPORTUNITY: tested price grid and selected -25% because it maximizes modeled RevPAR (70.06 -> 78.08) under the estimated price-volume response.
2024,9,Appartamento Area Giardino,Mezza Pensione → Pensione Completa,PROMOTE_UPSELL,Appartamento Area Giardino · month 9: promote Mezza Pensione → Pensione Completa to a controlled test cohort (10% target).,,,,,1510.66,NON_ADDITIVE_TEST_PROXY,MEDIUM,OBSERVED_TREATMENT_MIX,Higher board already represents 41.9% of bookings in this room-month; observed total-ADR premium €100.04.
2024,9,Appartamento Area Piscina,,PRICE_DOWN,Change ROOM ADR -15% (195.54 → 166.21),32.22,39.47,63.01,65.61,1403.47,MODELED_REVENUE,LOW,PRIOR,VOLUME_OPPORTUNITY: tested price grid and selected -15% because it maximizes modeled RevPAR (63.01 -> 65.61) under the estimated price-volume response.
2024,9,Camera  Standard,,PRICE_DOWN,Change ROOM ADR -15% (125.59 → 106.75),48.81,59.79,61.3,63.83,1062.04,MODELED_REVENUE,LOW,PRIOR,VOLUME_OPPORTUNITY: tested price grid and selected -15% because it maximizes modeled RevPAR (61.30 -> 63.83) under the estimated price-volume response.
2024,9,Appartamento Area Piscina,Mezza Pensione → Pensione Completa,PROMOTE_UPSELL,Appartamento Area Piscina · month 9: promote Mezza Pensione → Pensione Completa to a controlled test cohort (10% target).,,,,,174.63,NON_ADDITIVE_TEST_PROXY,MEDIUM,OBSERVED_TREATMENT_MIX,Higher board already represents 63.3% of bookings in this room-month; observed total-ADR premium €22.11.
2024,9,Villino Double,,PRICE_DOWN,Change ROOM ADR -15% (233.64 → 198.60),46.67,57.17,109.03,113.53,134.93,MODELED_REVENUE,LOW,PRIOR,VOLUME_OPPORTUNITY: tested price grid and selected -15% because it maximizes modeled RevPAR (109.03 -> 113.53) under the estimated price-volume response.
2024,9,Suite Familiare,,PRICE_DOWN,Change ROOM ADR -15% (128.57 → 109.29),46.67,57.17,60.0,62.48,74.25,MODELED_REVENUE,LOW,PRIOR,VOLUME_OPPORTUNITY: tested price grid and selected -15% because it maximizes modeled RevPAR (60.00 -> 62.48) under the estimated price-volume response.
2024,9,Villino 2Ten,,PRICE_DOWN,Change ROOM ADR -15% (141.43 → 120.21),23.33,28.58,33.0,34.36,40.84,MODELED_REVENUE,LOW,PRIOR,VOLUME_OPPORTUNITY: tested price grid and selected -15% because it maximizes modeled RevPAR (33.00 -> 34.36) under the estimated price-volume response.
2024,9,Camera Superior,No Board → Pensione Completa,PROMOTE_UPSELL,Camera Superior · month 9: promote No Board → Pensione Completa to a controlled test cohort (10% target).,,,,,18.2,NON_ADDITIVE_TEST_PROXY,MEDIUM,OBSERVED_TREATMENT_MIX,Higher board already represents 59.1% of bookings in this room-month; observed total-ADR premium €90.99.
2024,9,Appartamento Area Giardino,No Board → Mezza Pensione,PROMOTE_UPSELL,Appartamento Area Giardino · month 9: promote No Board → Mezza Pensione to a controlled test cohort (10% target).,,,,,5.5,NON_ADDITIVE_TEST_PROXY,MEDIUM,OBSERVED_TREATMENT_MIX,Higher board already represents 53.5% of bookings in this room-month; observed total-ADR premium €54.99.
