stay_year,stay_month,season_band,room_id,room_name,booking_window_band,confirmed_bookings,room_nights,revenue,avg_adr,avg_los,avg_booking_window,reliability
2024,2024-05,LOW,2761,Camera  Standard,0-7,1,2,300.0,150.0,2.0,4.0,INSUFFICIENT
2024,2024-05,LOW,2761,Camera  Standard,15-30,1,2,0.0,0.0,2.0,19.0,INSUFFICIENT
2024,2024-05,LOW,2761,Camera  Standard,61-90,1,2,274.0,137.0,2.0,65.0,INSUFFICIENT
2024,2024-05,LOW,2761,Camera  Standard,91-180,1,2,420.0,210.0,2.0,123.0,INSUFFICIENT
2024,2024-05,LOW,2762,Camera Superior,8-14,1,2,690.0,345.0,2.0,11.0,INSUFFICIENT
2024,2024-05,LOW,2767,Suite Familiare Vista Piscina,0-7,1,2,400.0,200.0,2.0,0.0,INSUFFICIENT
2024,2024-06,SHOULDER,2761,Camera  Standard,0-7,4,18,2389.5,121.72,4.5,2.5,INSUFFICIENT
2024,2024-06,SHOULDER,2761,Camera  Standard,8-14,6,31,3210.1,88.34,5.17,10.5,INSUFFICIENT
2024,2024-06,SHOULDER,2761,Camera  Standard,15-30,3,13,1390.0,66.19,4.33,17.33,INSUFFICIENT
2024,2024-06,SHOULDER,2761,Camera  Standard,31-60,10,44,2059.46,38.97,4.4,45.1,LOW
2024,2024-06,SHOULDER,2761,Camera  Standard,61-90,36,254,22666.1,89.74,7.06,77.28,MEDIUM
2024,2024-06,SHOULDER,2761,Camera  Standard,91-180,20,135,20529.0,151.94,6.75,117.15,LOW
2024,2024-06,SHOULDER,2761,Camera  Standard,181+,1,7,1090.0,155.71,7.0,212.0,INSUFFICIENT
2024,2024-06,SHOULDER,2762,Camera Superior,0-7,6,15,757.0,109.5,2.5,1.5,INSUFFICIENT
2024,2024-06,SHOULDER,2762,Camera Superior,8-14,6,16,2790.0,114.05,2.67,10.5,INSUFFICIENT
2024,2024-06,SHOULDER,2762,Camera Superior,15-30,4,25,3497.5,150.36,6.25,21.25,INSUFFICIENT
2024,2024-06,SHOULDER,2762,Camera Superior,31-60,2,14,1504.4,107.45,7.0,41.5,INSUFFICIENT
2024,2024-06,SHOULDER,2762,Camera Superior,61-90,9,67,8057.0,116.67,7.44,77.33,INSUFFICIENT
2024,2024-06,SHOULDER,2762,Camera Superior,91-180,6,43,8504.5,198.15,7.17,122.33,INSUFFICIENT
2024,2024-06,SHOULDER,2762,Camera Superior,181+,1,13,2590.0,199.23,13.0,204.0,INSUFFICIENT
2024,2024-06,SHOULDER,2763,Camera Deluxe,0-7,3,14,0.0,0.0,4.67,2.67,INSUFFICIENT
2024,2024-06,SHOULDER,2763,Camera Deluxe,8-14,2,9,2890.0,180.62,4.5,10.5,INSUFFICIENT
2024,2024-06,SHOULDER,2763,Camera Deluxe,15-30,3,18,3337.5,158.93,6.0,22.67,INSUFFICIENT
2024,2024-06,SHOULDER,2763,Camera Deluxe,61-90,4,27,3980.0,142.14,6.75,80.25,INSUFFICIENT
2024,2024-06,SHOULDER,2763,Camera Deluxe,91-180,12,83,18837.0,227.57,6.92,134.92,LOW
2024,2024-06,SHOULDER,2763,Camera Deluxe,181+,2,14,2980.0,212.86,7.0,202.5,INSUFFICIENT
2024,2024-06,SHOULDER,2764,Appartamento Area Giardino,0-7,8,52,6847.0,127.97,6.5,3.88,INSUFFICIENT
2024,2024-06,SHOULDER,2764,Appartamento Area Giardino,8-14,7,34,5660.5,151.55,4.86,12.0,INSUFFICIENT
2024,2024-06,SHOULDER,2764,Appartamento Area Giardino,15-30,11,57,3541.5,67.6,5.18,20.0,LOW
2024,2024-06,SHOULDER,2764,Appartamento Area Giardino,31-60,12,71,9255.5,144.02,5.92,47.5,LOW
2024,2024-06,SHOULDER,2764,Appartamento Area Giardino,61-90,43,336,27991.5,83.92,7.81,76.3,MEDIUM
2024,2024-06,SHOULDER,2764,Appartamento Area Giardino,91-180,34,289,63563.4,219.04,8.5,124.5,MEDIUM
2024,2024-06,SHOULDER,2764,Appartamento Area Giardino,181+,5,39,9376.5,240.43,7.8,214.2,INSUFFICIENT
2024,2024-06,SHOULDER,2765,Appartamento Area Piscina,0-7,10,63,9696.5,135.57,6.3,3.1,LOW
2024,2024-06,SHOULDER,2765,Appartamento Area Piscina,8-14,2,8,2388.5,170.6,4.0,12.0,INSUFFICIENT
2024,2024-06,SHOULDER,2765,Appartamento Area Piscina,15-30,5,30,5680.5,206.01,6.0,23.0,INSUFFICIENT
2024,2024-06,SHOULDER,2765,Appartamento Area Piscina,31-60,14,107,24133.0,234.78,7.64,46.43,LOW
2024,2024-06,SHOULDER,2765,Appartamento Area Piscina,61-90,42,209,26452.0,120.16,4.98,76.71,MEDIUM
2024,2024-06,SHOULDER,2765,Appartamento Area Piscina,91-180,7,49,10692.0,218.2,7.0,126.29,INSUFFICIENT
2024,2024-06,SHOULDER,2765,Appartamento Area Piscina,181+,1,8,1734.5,216.81,8.0,212.0,INSUFFICIENT
2024,2024-06,SHOULDER,2767,Suite Familiare Vista Piscina,8-14,1,2,0.0,0.0,2.0,11.0,INSUFFICIENT
2024,2024-06,SHOULDER,2767,Suite Familiare Vista Piscina,61-90,1,8,2374.5,296.81,8.0,79.0,INSUFFICIENT
2024,2024-06,SHOULDER,2767,Suite Familiare Vista Piscina,91-180,1,10,2340.0,234.0,10.0,165.0,INSUFFICIENT
2024,2024-06,SHOULDER,3231,Suite Familiare,8-14,1,2,550.0,275.0,2.0,9.0,INSUFFICIENT
2024,2024-06,SHOULDER,3231,Suite Familiare,15-30,2,16,4890.0,174.64,8.0,22.0,INSUFFICIENT
2024,2024-06,SHOULDER,3231,Suite Familiare,91-180,1,10,2340.0,234.0,10.0,165.0,INSUFFICIENT
2024,2024-06,SHOULDER,5375,Villino 2Ten,15-30,3,14,1190.0,99.33,4.67,18.67,INSUFFICIENT
2024,2024-06,SHOULDER,5375,Villino 2Ten,91-180,1,7,1090.0,155.71,7.0,148.0,INSUFFICIENT
2024,2024-06,SHOULDER,5376,Villino Double,15-30,1,7,2440.0,348.57,7.0,27.0,INSUFFICIENT
2024,2024-06,SHOULDER,5376,Villino Double,61-90,1,7,1763.0,251.86,7.0,63.0,INSUFFICIENT
2024,2024-06,SHOULDER,5376,Villino Double,91-180,1,7,1783.5,254.79,7.0,165.0,INSUFFICIENT
2024,2024-07,PEAK,2761,Camera  Standard,0-7,7,31,4554.5,115.99,4.43,4.14,INSUFFICIENT
2024,2024-07,PEAK,2761,Camera  Standard,8-14,9,42,10934.0,209.22,4.67,12.0,INSUFFICIENT
2024,2024-07,PEAK,2761,Camera  Standard,15-30,3,21,6528.5,310.88,7.0,25.33,INSUFFICIENT
2024,2024-07,PEAK,2761,Camera  Standard,31-60,4,28,6270.0,223.93,7.0,47.25,INSUFFICIENT
2024,2024-07,PEAK,2761,Camera  Standard,61-90,6,42,1939.0,46.17,7.0,79.0,INSUFFICIENT
2024,2024-07,PEAK,2761,Camera  Standard,91-180,23,160,14079.5,89.68,6.96,109.83,LOW
2024,2024-07,PEAK,2761,Camera  Standard,181+,1,7,1290.0,184.29,7.0,226.0,INSUFFICIENT
2024,2024-07,PEAK,2762,Camera Superior,0-7,12,56,14194.55,226.65,4.67,2.92,LOW
2024,2024-07,PEAK,2762,Camera Superior,8-14,11,53,16345.5,297.52,4.82,9.09,LOW
2024,2024-07,PEAK,2762,Camera Superior,31-60,4,26,8388.0,373.36,6.5,48.0,INSUFFICIENT
2024,2024-07,PEAK,2762,Camera Superior,61-90,1,7,2390.0,341.43,7.0,73.0,INSUFFICIENT
2024,2024-07,PEAK,2762,Camera Superior,91-180,13,103,25887.0,246.39,7.92,119.69,LOW
2024,2024-07,PEAK,2763,Camera Deluxe,0-7,2,8,1790.0,213.57,4.0,3.5,INSUFFICIENT
2024,2024-07,PEAK,2763,Camera Deluxe,8-14,6,42,13200.0,314.29,7.0,9.83,INSUFFICIENT
2024,2024-07,PEAK,2763,Camera Deluxe,15-30,1,7,2787.0,398.14,7.0,29.0,INSUFFICIENT
2024,2024-07,PEAK,2763,Camera Deluxe,31-60,4,28,9960.0,355.71,7.0,43.75,INSUFFICIENT
2024,2024-07,PEAK,2763,Camera Deluxe,61-90,2,14,5620.0,401.42,7.0,72.5,INSUFFICIENT
2024,2024-07,PEAK,2763,Camera Deluxe,91-180,11,80,24323.5,302.29,7.27,133.18,LOW
2024,2024-07,PEAK,2764,Appartamento Area Giardino,0-7,9,54,12570.0,254.86,6.0,3.11,INSUFFICIENT
2024,2024-07,PEAK,2764,Appartamento Area Giardino,8-14,5,35,12203.0,348.66,7.0,9.6,INSUFFICIENT
2024,2024-07,PEAK,2764,Appartamento Area Giardino,31-60,4,31,6905.0,214.57,7.75,43.25,INSUFFICIENT
2024,2024-07,PEAK,2764,Appartamento Area Giardino,61-90,17,139,11011.5,82.13,8.18,84.88,LOW
2024,2024-07,PEAK,2764,Appartamento Area Giardino,91-180,72,614,64037.5,100.14,8.53,114.17,MEDIUM
2024,2024-07,PEAK,2764,Appartamento Area Giardino,181+,5,35,10107.0,288.77,7.0,217.8,INSUFFICIENT
2024,2024-07,PEAK,2765,Appartamento Area Piscina,0-7,6,27,6780.0,183.65,4.5,5.0,INSUFFICIENT
2024,2024-07,PEAK,2765,Appartamento Area Piscina,8-14,9,66,19918.5,305.64,7.33,10.44,INSUFFICIENT
2024,2024-07,PEAK,2765,Appartamento Area Piscina,15-30,6,48,17226.5,359.68,8.0,22.33,INSUFFICIENT
2024,2024-07,PEAK,2765,Appartamento Area Piscina,31-60,7,56,16073.5,268.95,8.0,45.86,INSUFFICIENT
2024,2024-07,PEAK,2765,Appartamento Area Piscina,61-90,10,74,22641.0,294.71,7.4,77.4,LOW
2024,2024-07,PEAK,2765,Appartamento Area Piscina,91-180,16,127,33772.0,264.08,7.94,125.94,LOW
2024,2024-07,PEAK,2767,Suite Familiare Vista Piscina,0-7,1,6,2290.0,381.67,6.0,4.0,INSUFFICIENT
2024,2024-07,PEAK,2767,Suite Familiare Vista Piscina,8-14,1,7,2440.0,348.57,7.0,8.0,INSUFFICIENT
2024,2024-07,PEAK,2767,Suite Familiare Vista Piscina,61-90,1,7,2677.0,382.43,7.0,78.0,INSUFFICIENT
2024,2024-07,PEAK,2767,Suite Familiare Vista Piscina,91-180,1,7,2490.0,355.71,7.0,110.0,INSUFFICIENT
2024,2024-07,PEAK,3231,Suite Familiare,0-7,1,5,1940.0,388.0,5.0,5.0,INSUFFICIENT
2024,2024-07,PEAK,3231,Suite Familiare,15-30,1,7,3005.0,429.29,7.0,21.0,INSUFFICIENT
2024,2024-07,PEAK,5375,Villino 2Ten,0-7,1,7,0.0,0.0,7.0,0.0,INSUFFICIENT
2024,2024-07,PEAK,5375,Villino 2Ten,181+,1,6,1473.0,245.5,6.0,198.0,INSUFFICIENT
2024,2024-07,PEAK,5376,Villino Double,15-30,1,14,5990.0,427.86,14.0,26.0,INSUFFICIENT
2024,2024-07,PEAK,5376,Villino Double,61-90,1,7,2640.5,377.21,7.0,88.0,INSUFFICIENT
2024,2024-08,PEAK,2761,Camera  Standard,0-7,18,93,23652.0,229.03,5.17,3.61,LOW
2024,2024-08,PEAK,2761,Camera  Standard,8-14,1,1,0.0,0.0,1.0,13.0,INSUFFICIENT
2024,2024-08,PEAK,2761,Camera  Standard,15-30,2,14,4971.0,355.07,7.0,26.5,INSUFFICIENT
2024,2024-08,PEAK,2761,Camera  Standard,31-60,4,34,10610.0,285.14,8.5,41.0,INSUFFICIENT
2024,2024-08,PEAK,2761,Camera  Standard,91-180,22,180,15507.5,53.57,8.18,120.64,LOW
2024,2024-08,PEAK,2762,Camera Superior,0-7,22,135,33351.5,218.9,6.14,3.77,LOW
2024,2024-08,PEAK,2762,Camera Superior,8-14,8,43,12710.5,232.9,5.38,11.0,INSUFFICIENT
2024,2024-08,PEAK,2762,Camera Superior,15-30,2,12,4149.0,358.04,6.0,21.5,INSUFFICIENT
2024,2024-08,PEAK,2762,Camera Superior,31-60,2,15,5577.0,377.02,7.5,37.5,INSUFFICIENT
2024,2024-08,PEAK,2762,Camera Superior,61-90,1,14,4990.0,356.43,14.0,78.0,INSUFFICIENT
2024,2024-08,PEAK,2762,Camera Superior,91-180,4,28,8631.5,308.27,7.0,140.5,INSUFFICIENT
2024,2024-08,PEAK,2763,Camera Deluxe,0-7,11,72,21351.5,298.27,6.55,5.73,LOW
2024,2024-08,PEAK,2763,Camera Deluxe,8-14,3,28,10620.0,354.36,9.33,10.0,INSUFFICIENT
2024,2024-08,PEAK,2763,Camera Deluxe,15-30,5,31,11942.5,338.36,6.2,23.6,INSUFFICIENT
2024,2024-08,PEAK,2763,Camera Deluxe,31-60,5,35,13231.0,378.03,7.0,49.4,INSUFFICIENT
2024,2024-08,PEAK,2763,Camera Deluxe,91-180,4,28,11250.0,401.78,7.0,126.0,INSUFFICIENT
2024,2024-08,PEAK,2764,Appartamento Area Giardino,0-7,8,46,15871.0,292.93,5.75,4.5,INSUFFICIENT
2024,2024-08,PEAK,2764,Appartamento Area Giardino,8-14,4,24,6880.0,281.48,6.0,8.75,INSUFFICIENT
2024,2024-08,PEAK,2764,Appartamento Area Giardino,15-30,6,43,7974.0,182.45,7.17,21.83,INSUFFICIENT
2024,2024-08,PEAK,2764,Appartamento Area Giardino,31-60,4,29,2169.5,68.38,7.25,38.0,INSUFFICIENT
2024,2024-08,PEAK,2764,Appartamento Area Giardino,61-90,3,21,9446.0,449.81,7.0,72.33,INSUFFICIENT
2024,2024-08,PEAK,2764,Appartamento Area Giardino,91-180,92,753,54133.0,63.67,8.18,129.92,MEDIUM
2024,2024-08,PEAK,2764,Appartamento Area Giardino,181+,6,49,20097.0,403.62,8.17,233.5,INSUFFICIENT
2024,2024-08,PEAK,2765,Appartamento Area Piscina,0-7,7,29,7353.5,196.59,4.14,4.43,INSUFFICIENT
2024,2024-08,PEAK,2765,Appartamento Area Piscina,8-14,5,29,10914.0,372.31,5.8,10.6,INSUFFICIENT
2024,2024-08,PEAK,2765,Appartamento Area Piscina,15-30,9,70,30723.5,440.93,7.78,26.44,INSUFFICIENT
2024,2024-08,PEAK,2765,Appartamento Area Piscina,31-60,17,122,50487.5,412.67,7.18,41.53,LOW
2024,2024-08,PEAK,2765,Appartamento Area Piscina,61-90,2,12,5711.5,480.0,6.0,75.0,INSUFFICIENT
2024,2024-08,PEAK,2765,Appartamento Area Piscina,91-180,20,189,45428.5,261.64,9.45,117.1,LOW
2024,2024-08,PEAK,2765,Appartamento Area Piscina,181+,1,10,2290.0,229.0,10.0,200.0,INSUFFICIENT
2024,2024-08,PEAK,2767,Suite Familiare Vista Piscina,8-14,4,35,14760.0,446.96,8.75,10.0,INSUFFICIENT
2024,2024-08,PEAK,3231,Suite Familiare,8-14,1,5,2490.0,498.0,5.0,12.0,INSUFFICIENT
2024,2024-08,PEAK,5375,Villino 2Ten,0-7,2,10,140.0,10.0,5.0,3.5,INSUFFICIENT
2024,2024-08,PEAK,5375,Villino 2Ten,15-30,1,7,1990.0,284.29,7.0,16.0,INSUFFICIENT
2024,2024-08,PEAK,5375,Villino 2Ten,61-90,1,7,2340.5,334.36,7.0,87.0,INSUFFICIENT
2024,2024-08,PEAK,5375,Villino 2Ten,91-180,2,14,3780.0,270.0,7.0,125.5,INSUFFICIENT
2024,2024-08,PEAK,5376,Villino Double,0-7,1,6,3000.0,500.0,6.0,3.0,INSUFFICIENT
2024,2024-08,PEAK,5376,Villino Double,15-30,1,9,2457.0,273.0,9.0,26.0,INSUFFICIENT
2024,2024-08,PEAK,5376,Villino Double,181+,1,14,6590.0,470.71,14.0,238.0,INSUFFICIENT
2024,2024-09,SHOULDER,2761,Camera  Standard,0-7,6,16,1735.0,110.54,2.67,1.17,INSUFFICIENT
2024,2024-09,SHOULDER,2761,Camera  Standard,8-14,1,8,960.0,120.0,8.0,11.0,INSUFFICIENT
2024,2024-09,SHOULDER,2761,Camera  Standard,15-30,3,21,4870.0,231.9,7.0,19.33,INSUFFICIENT
2024,2024-09,SHOULDER,2761,Camera  Standard,31-60,5,35,4833.5,138.87,7.0,49.4,INSUFFICIENT
2024,2024-09,SHOULDER,2761,Camera  Standard,91-180,12,83,6798.0,82.37,6.92,135.17,LOW
2024,2024-09,SHOULDER,2761,Camera  Standard,181+,6,42,6550.0,155.95,7.0,208.67,INSUFFICIENT
2024,2024-09,SHOULDER,2762,Camera Superior,0-7,6,19,3035.13,147.65,3.17,1.67,INSUFFICIENT
2024,2024-09,SHOULDER,2762,Camera Superior,8-14,3,20,1200.0,57.14,6.67,10.0,INSUFFICIENT
2024,2024-09,SHOULDER,2762,Camera Superior,15-30,1,7,1120.0,160.0,7.0,29.0,INSUFFICIENT
2024,2024-09,SHOULDER,2762,Camera Superior,31-60,5,23,3684.0,105.26,4.6,51.0,INSUFFICIENT
2024,2024-09,SHOULDER,2762,Camera Superior,61-90,1,7,1534.0,219.14,7.0,76.0,INSUFFICIENT
2024,2024-09,SHOULDER,2762,Camera Superior,91-180,5,35,4500.0,128.57,7.0,155.6,INSUFFICIENT
2024,2024-09,SHOULDER,2762,Camera Superior,181+,1,10,1742.0,174.2,10.0,186.0,INSUFFICIENT
2024,2024-09,SHOULDER,2763,Camera Deluxe,0-7,6,22,3406.7,160.64,3.67,2.33,INSUFFICIENT
2024,2024-09,SHOULDER,2763,Camera Deluxe,8-14,2,14,1950.0,139.29,7.0,9.5,INSUFFICIENT
2024,2024-09,SHOULDER,2763,Camera Deluxe,15-30,3,21,5170.0,246.19,7.0,20.0,INSUFFICIENT
2024,2024-09,SHOULDER,2763,Camera Deluxe,31-60,2,8,1090.0,77.86,4.0,43.0,INSUFFICIENT
2024,2024-09,SHOULDER,2763,Camera Deluxe,61-90,1,3,890.0,296.67,3.0,77.0,INSUFFICIENT
2024,2024-09,SHOULDER,2763,Camera Deluxe,91-180,2,14,3180.0,227.14,7.0,117.5,INSUFFICIENT
2024,2024-09,SHOULDER,2764,Appartamento Area Giardino,0-7,21,112,16899.43,142.36,5.33,3.1,LOW
2024,2024-09,SHOULDER,2764,Appartamento Area Giardino,8-14,3,21,5017.0,244.81,7.0,10.0,INSUFFICIENT
2024,2024-09,SHOULDER,2764,Appartamento Area Giardino,15-30,2,14,3849.0,274.93,7.0,23.0,INSUFFICIENT
2024,2024-09,SHOULDER,2764,Appartamento Area Giardino,31-60,3,14,3167.0,161.4,4.67,43.33,INSUFFICIENT
2024,2024-09,SHOULDER,2764,Appartamento Area Giardino,61-90,5,37,7483.5,221.97,7.4,74.6,INSUFFICIENT
2024,2024-09,SHOULDER,2764,Appartamento Area Giardino,91-180,9,58,5210.0,99.36,6.44,148.0,INSUFFICIENT
2024,2024-09,SHOULDER,2765,Appartamento Area Piscina,0-7,8,31,5090.0,153.53,3.88,2.62,INSUFFICIENT
2024,2024-09,SHOULDER,2765,Appartamento Area Piscina,8-14,6,34,6746.0,169.12,5.67,11.0,INSUFFICIENT
2024,2024-09,SHOULDER,2765,Appartamento Area Piscina,15-30,2,14,3380.0,241.43,7.0,19.0,INSUFFICIENT
2024,2024-09,SHOULDER,2765,Appartamento Area Piscina,31-60,5,29,6210.0,168.86,5.8,49.8,INSUFFICIENT
2024,2024-09,SHOULDER,2765,Appartamento Area Piscina,61-90,2,15,2365.0,153.16,7.5,76.5,INSUFFICIENT
2024,2024-09,SHOULDER,2765,Appartamento Area Piscina,91-180,7,51,10232.5,198.08,7.29,136.29,INSUFFICIENT
2024,2024-09,SHOULDER,3231,Suite Familiare,8-14,1,7,900.0,128.57,7.0,9.0,INSUFFICIENT
2024,2024-09,SHOULDER,3231,Suite Familiare,91-180,1,7,900.0,128.57,7.0,121.0,INSUFFICIENT
2024,2024-09,SHOULDER,5375,Villino 2Ten,91-180,1,7,990.0,141.43,7.0,172.0,INSUFFICIENT
2024,2024-09,SHOULDER,5376,Villino Double,8-14,1,2,340.0,170.0,2.0,10.0,INSUFFICIENT
2024,2024-09,SHOULDER,5376,Villino Double,31-60,1,5,1641.0,328.2,5.0,45.0,INSUFFICIENT
2024,2024-09,SHOULDER,5376,Villino Double,61-90,1,7,1290.0,184.29,7.0,83.0,INSUFFICIENT
2025,2025-05,LOW,2761,Camera  Standard,15-30,8,17,1951.0,116.65,2.12,24.0,INSUFFICIENT
2025,2025-05,LOW,2761,Camera  Standard,31-60,7,17,5614.0,280.02,2.43,39.0,INSUFFICIENT
2025,2025-05,LOW,2761,Camera  Standard,91-180,1,2,480.0,240.0,2.0,143.0,INSUFFICIENT
2025,2025-05,LOW,2762,Camera Superior,0-7,2,2,348.14,174.07,1.0,7.0,INSUFFICIENT
2025,2025-05,LOW,2762,Camera Superior,15-30,4,11,1580.0,144.67,2.75,26.25,INSUFFICIENT
2025,2025-05,LOW,2762,Camera Superior,31-60,3,9,196.5,21.83,3.0,32.0,INSUFFICIENT
2025,2025-05,LOW,2763,Camera Deluxe,0-7,1,1,145.0,145.0,1.0,6.0,INSUFFICIENT
2025,2025-05,LOW,2763,Camera Deluxe,8-14,1,2,90.0,45.0,2.0,8.0,INSUFFICIENT
2025,2025-05,LOW,2763,Camera Deluxe,15-30,1,2,0.0,0.0,2.0,22.0,INSUFFICIENT
2025,2025-05,LOW,2764,Appartamento Area Giardino,0-7,1,2,250.0,125.0,2.0,4.0,INSUFFICIENT
2025,2025-05,LOW,2764,Appartamento Area Giardino,8-14,5,10,740.0,74.0,2.0,11.4,INSUFFICIENT
2025,2025-05,LOW,2764,Appartamento Area Giardino,15-30,7,16,2621.71,172.09,2.29,20.0,INSUFFICIENT
2025,2025-05,LOW,2764,Appartamento Area Giardino,31-60,1,7,1357.85,193.98,7.0,43.0,INSUFFICIENT
2025,2025-05,LOW,2765,Appartamento Area Piscina,8-14,1,3,0.0,0.0,3.0,8.0,INSUFFICIENT
2025,2025-05,LOW,2765,Appartamento Area Piscina,15-30,15,32,7860.05,250.81,2.13,22.6,LOW
2025,2025-05,LOW,2765,Appartamento Area Piscina,31-60,1,3,0.0,0.0,3.0,32.0,INSUFFICIENT
2025,2025-05,LOW,2767,Suite Familiare Vista Piscina,15-30,1,2,0.0,0.0,2.0,20.0,INSUFFICIENT
2025,2025-06,SHOULDER,2761,Camera  Standard,0-7,26,57,6740.71,108.95,2.19,2.69,LOW
2025,2025-06,SHOULDER,2761,Camera  Standard,8-14,11,38,5483.85,120.78,3.45,10.91,LOW
2025,2025-06,SHOULDER,2761,Camera  Standard,15-30,13,51,6536.46,133.13,3.92,22.92,LOW
2025,2025-06,SHOULDER,2761,Camera  Standard,31-60,17,57,8648.56,143.11,3.35,41.41,LOW
2025,2025-06,SHOULDER,2761,Camera  Standard,61-90,5,31,4231.45,137.25,6.2,72.4,INSUFFICIENT
2025,2025-06,SHOULDER,2761,Camera  Standard,91-180,10,66,10848.13,160.18,6.6,128.5,LOW
2025,2025-06,SHOULDER,2761,Camera  Standard,181+,1,7,1040.5,148.64,7.0,203.0,INSUFFICIENT
2025,2025-06,SHOULDER,2762,Camera Superior,0-7,10,26,3331.55,122.66,2.6,3.1,LOW
2025,2025-06,SHOULDER,2762,Camera Superior,8-14,5,19,3343.59,148.84,3.8,12.0,INSUFFICIENT
2025,2025-06,SHOULDER,2762,Camera Superior,15-30,7,24,3182.53,121.58,3.43,21.86,INSUFFICIENT
2025,2025-06,SHOULDER,2762,Camera Superior,31-60,12,63,8638.51,124.03,5.25,41.92,LOW
2025,2025-06,SHOULDER,2762,Camera Superior,61-90,4,35,5369.25,148.58,8.75,73.25,INSUFFICIENT
2025,2025-06,SHOULDER,2762,Camera Superior,91-180,4,28,4534.33,161.94,7.0,103.0,INSUFFICIENT
2025,2025-06,SHOULDER,2763,Camera Deluxe,0-7,2,3,660.0,210.0,1.5,1.5,INSUFFICIENT
2025,2025-06,SHOULDER,2763,Camera Deluxe,8-14,1,4,524.0,131.0,4.0,8.0,INSUFFICIENT
2025,2025-06,SHOULDER,2763,Camera Deluxe,15-30,6,24,5138.6,224.49,4.0,25.83,INSUFFICIENT
2025,2025-06,SHOULDER,2763,Camera Deluxe,31-60,5,20,3280.25,135.81,4.0,43.4,INSUFFICIENT
2025,2025-06,SHOULDER,2763,Camera Deluxe,61-90,1,6,2142.0,357.0,6.0,74.0,INSUFFICIENT
2025,2025-06,SHOULDER,2763,Camera Deluxe,91-180,4,27,5377.8,200.07,6.75,130.5,INSUFFICIENT
2025,2025-06,SHOULDER,2763,Camera Deluxe,181+,6,42,8239.5,196.18,7.0,204.33,INSUFFICIENT
2025,2025-06,SHOULDER,2764,Appartamento Area Giardino,0-7,34,122,19929.84,167.08,3.59,3.79,MEDIUM
2025,2025-06,SHOULDER,2764,Appartamento Area Giardino,8-14,20,90,15723.28,167.14,4.5,10.75,LOW
2025,2025-06,SHOULDER,2764,Appartamento Area Giardino,15-30,18,59,12483.69,200.27,3.28,20.83,LOW
2025,2025-06,SHOULDER,2764,Appartamento Area Giardino,31-60,6,34,9252.66,257.05,5.67,44.0,INSUFFICIENT
2025,2025-06,SHOULDER,2764,Appartamento Area Giardino,61-90,2,28,6274.5,256.49,14.0,64.5,INSUFFICIENT
2025,2025-06,SHOULDER,2764,Appartamento Area Giardino,91-180,12,95,7298.0,80.72,7.92,105.42,LOW
2025,2025-06,SHOULDER,2764,Appartamento Area Giardino,181+,5,36,7764.0,204.77,7.2,201.8,INSUFFICIENT
2025,2025-06,SHOULDER,2765,Appartamento Area Piscina,0-7,12,41,5275.31,132.1,3.42,3.67,LOW
2025,2025-06,SHOULDER,2765,Appartamento Area Piscina,8-14,18,69,8705.06,122.18,3.83,10.89,LOW
2025,2025-06,SHOULDER,2765,Appartamento Area Piscina,15-30,12,57,12186.46,192.46,4.75,23.5,LOW
2025,2025-06,SHOULDER,2765,Appartamento Area Piscina,31-60,21,137,28341.44,203.07,6.52,42.38,LOW
2025,2025-06,SHOULDER,2765,Appartamento Area Piscina,61-90,7,38,6227.17,162.42,5.43,69.43,INSUFFICIENT
2025,2025-06,SHOULDER,2765,Appartamento Area Piscina,91-180,4,35,4994.88,156.71,8.75,97.5,INSUFFICIENT
2025,2025-06,SHOULDER,2765,Appartamento Area Piscina,181+,1,8,1600.0,200.0,8.0,205.0,INSUFFICIENT
2025,2025-06,SHOULDER,2767,Suite Familiare Vista Piscina,0-7,2,3,409.9,142.45,1.5,4.5,INSUFFICIENT
2025,2025-06,SHOULDER,2767,Suite Familiare Vista Piscina,61-90,1,7,1760.0,251.43,7.0,85.0,INSUFFICIENT
2025,2025-06,SHOULDER,2767,Suite Familiare Vista Piscina,181+,1,10,2391.5,239.15,10.0,207.0,INSUFFICIENT
2025,2025-06,SHOULDER,3231,Suite Familiare,181+,1,10,2323.5,232.35,10.0,207.0,INSUFFICIENT
2025,2025-06,SHOULDER,5375,Villino 2Ten,0-7,1,7,0.0,0.0,7.0,1.0,INSUFFICIENT
2025,2025-06,SHOULDER,5375,Villino 2Ten,91-180,1,7,1190.0,170.0,7.0,163.0,INSUFFICIENT
2025,2025-06,SHOULDER,5376,Villino Double,91-180,1,7,2876.5,410.93,7.0,118.0,INSUFFICIENT
2025,2025-07,PEAK,2761,Camera  Standard,0-7,27,73,7708.2,97.3,2.7,3.78,LOW
2025,2025-07,PEAK,2761,Camera  Standard,8-14,15,50,8537.32,156.64,3.33,11.2,LOW
2025,2025-07,PEAK,2761,Camera  Standard,15-30,15,60,11751.01,150.37,4.0,20.33,LOW
2025,2025-07,PEAK,2761,Camera  Standard,31-60,20,112,20066.66,179.74,5.6,42.75,LOW
2025,2025-07,PEAK,2761,Camera  Standard,61-90,19,99,17583.27,178.81,5.21,73.21,LOW
2025,2025-07,PEAK,2761,Camera  Standard,91-180,10,64,11629.48,179.67,6.4,125.7,LOW
2025,2025-07,PEAK,2761,Camera  Standard,181+,1,7,1290.0,184.29,7.0,205.0,INSUFFICIENT
2025,2025-07,PEAK,2762,Camera Superior,0-7,11,18,3031.66,158.48,1.64,3.55,LOW
2025,2025-07,PEAK,2762,Camera Superior,8-14,3,8,2060.0,189.44,2.67,11.0,INSUFFICIENT
2025,2025-07,PEAK,2762,Camera Superior,15-30,6,32,8129.18,245.23,5.33,21.5,INSUFFICIENT
2025,2025-07,PEAK,2762,Camera Superior,31-60,10,59,13284.58,220.91,5.9,49.1,LOW
2025,2025-07,PEAK,2762,Camera Superior,61-90,6,53,6460.15,194.98,8.83,77.17,INSUFFICIENT
2025,2025-07,PEAK,2762,Camera Superior,91-180,12,76,15158.95,199.72,6.33,116.75,LOW
2025,2025-07,PEAK,2762,Camera Superior,181+,2,21,3830.0,191.78,10.5,195.5,INSUFFICIENT
2025,2025-07,PEAK,2763,Camera Deluxe,0-7,8,10,1582.0,150.25,1.25,1.62,INSUFFICIENT
2025,2025-07,PEAK,2763,Camera Deluxe,8-14,3,7,857.4,153.04,2.33,10.67,INSUFFICIENT
2025,2025-07,PEAK,2763,Camera Deluxe,15-30,4,13,4440.13,292.59,3.25,17.75,INSUFFICIENT
2025,2025-07,PEAK,2763,Camera Deluxe,31-60,1,14,3506.05,250.43,14.0,57.0,INSUFFICIENT
2025,2025-07,PEAK,2763,Camera Deluxe,61-90,5,57,9395.7,232.69,11.4,75.2,INSUFFICIENT
2025,2025-07,PEAK,2763,Camera Deluxe,91-180,7,54,14966.3,267.93,7.71,142.14,INSUFFICIENT
2025,2025-07,PEAK,2764,Appartamento Area Giardino,0-7,17,79,16114.0,208.3,4.65,3.18,LOW
2025,2025-07,PEAK,2764,Appartamento Area Giardino,8-14,10,66,15981.5,229.12,6.6,10.8,LOW
2025,2025-07,PEAK,2764,Appartamento Area Giardino,15-30,6,31,10167.58,330.4,5.17,23.33,INSUFFICIENT
2025,2025-07,PEAK,2764,Appartamento Area Giardino,31-60,1,8,2615.0,326.88,8.0,34.0,INSUFFICIENT
2025,2025-07,PEAK,2764,Appartamento Area Giardino,91-180,63,544,63198.43,122.69,8.63,128.41,MEDIUM
2025,2025-07,PEAK,2764,Appartamento Area Giardino,181+,4,35,10190.0,296.25,8.75,215.75,INSUFFICIENT
2025,2025-07,PEAK,2765,Appartamento Area Piscina,0-7,15,67,14574.31,203.53,4.47,4.0,LOW
2025,2025-07,PEAK,2765,Appartamento Area Piscina,8-14,10,62,17027.64,288.28,6.2,10.7,LOW
2025,2025-07,PEAK,2765,Appartamento Area Piscina,15-30,16,121,30981.84,258.03,7.56,22.44,LOW
2025,2025-07,PEAK,2765,Appartamento Area Piscina,31-60,9,66,15790.21,238.55,7.33,45.22,INSUFFICIENT
2025,2025-07,PEAK,2765,Appartamento Area Piscina,61-90,11,119,22598.9,223.68,10.82,76.73,LOW
2025,2025-07,PEAK,2765,Appartamento Area Piscina,91-180,9,77,12965.0,166.47,8.56,119.89,INSUFFICIENT
2025,2025-07,PEAK,2765,Appartamento Area Piscina,181+,1,14,3490.0,249.29,14.0,215.0,INSUFFICIENT
2025,2025-07,PEAK,2767,Suite Familiare Vista Piscina,61-90,1,7,2496.65,356.66,7.0,73.0,INSUFFICIENT
2025,2025-07,PEAK,3231,Suite Familiare,0-7,2,3,380.0,95.0,1.5,6.5,INSUFFICIENT
2025,2025-07,PEAK,3231,Suite Familiare,8-14,2,4,865.0,144.16,2.0,10.0,INSUFFICIENT
2025,2025-07,PEAK,3231,Suite Familiare,15-30,1,2,500.0,250.0,2.0,21.0,INSUFFICIENT
2025,2025-07,PEAK,3231,Suite Familiare,31-60,1,7,2303.0,329.0,7.0,43.0,INSUFFICIENT
2025,2025-07,PEAK,3231,Suite Familiare,91-180,1,16,6105.7,381.61,16.0,115.0,INSUFFICIENT
2025,2025-07,PEAK,5375,Villino 2Ten,15-30,1,1,0.0,0.0,1.0,30.0,INSUFFICIENT
2025,2025-07,PEAK,5375,Villino 2Ten,91-180,1,14,2890.0,206.43,14.0,173.0,INSUFFICIENT
2025,2025-07,PEAK,5376,Villino Double,0-7,2,8,1325.0,165.62,4.0,1.0,INSUFFICIENT
2025,2025-07,PEAK,5376,Villino Double,8-14,2,9,2250.0,160.72,4.5,10.5,INSUFFICIENT
2025,2025-07,PEAK,5376,Villino Double,31-60,1,8,2958.05,369.76,8.0,45.0,INSUFFICIENT
2025,2025-08,PEAK,2761,Camera  Standard,0-7,19,56,7638.87,138.34,2.95,3.0,LOW
2025,2025-08,PEAK,2761,Camera  Standard,8-14,7,16,3585.0,214.69,2.29,9.57,INSUFFICIENT
2025,2025-08,PEAK,2761,Camera  Standard,15-30,15,53,8105.51,119.85,3.53,21.87,LOW
2025,2025-08,PEAK,2761,Camera  Standard,31-60,9,52,10845.7,249.42,5.78,45.89,INSUFFICIENT
2025,2025-08,PEAK,2761,Camera  Standard,61-90,11,79,20854.09,237.94,7.18,75.27,LOW
2025,2025-08,PEAK,2761,Camera  Standard,91-180,24,176,37277.71,205.43,7.33,128.25,LOW
2025,2025-08,PEAK,2761,Camera  Standard,181+,2,14,3503.5,250.25,7.0,218.5,INSUFFICIENT
2025,2025-08,PEAK,2762,Camera Superior,0-7,8,17,3236.1,176.23,2.12,2.12,INSUFFICIENT
2025,2025-08,PEAK,2762,Camera Superior,8-14,5,27,6573.44,236.27,5.4,9.8,INSUFFICIENT
2025,2025-08,PEAK,2762,Camera Superior,15-30,8,28,4969.24,179.99,3.5,23.12,INSUFFICIENT
2025,2025-08,PEAK,2762,Camera Superior,31-60,11,61,16478.29,270.24,5.55,46.36,LOW
2025,2025-08,PEAK,2762,Camera Superior,61-90,2,12,3303.61,275.79,6.0,67.5,INSUFFICIENT
2025,2025-08,PEAK,2762,Camera Superior,91-180,16,122,34147.5,280.64,7.62,138.12,LOW
2025,2025-08,PEAK,2763,Camera Deluxe,8-14,1,1,0.0,0.0,1.0,14.0,INSUFFICIENT
2025,2025-08,PEAK,2763,Camera Deluxe,15-30,2,3,610.0,152.5,1.5,17.5,INSUFFICIENT
2025,2025-08,PEAK,2763,Camera Deluxe,31-60,5,26,7424.35,250.01,5.2,43.6,INSUFFICIENT
2025,2025-08,PEAK,2763,Camera Deluxe,61-90,4,27,9940.0,363.16,6.75,77.0,INSUFFICIENT
2025,2025-08,PEAK,2763,Camera Deluxe,91-180,4,34,8611.35,250.33,8.5,128.25,INSUFFICIENT
2025,2025-08,PEAK,2763,Camera Deluxe,181+,1,7,2140.0,305.71,7.0,228.0,INSUFFICIENT
2025,2025-08,PEAK,2764,Appartamento Area Giardino,0-7,21,125,28852.06,233.18,5.95,4.81,LOW
2025,2025-08,PEAK,2764,Appartamento Area Giardino,8-14,10,54,15439.79,269.51,5.4,11.0,LOW
2025,2025-08,PEAK,2764,Appartamento Area Giardino,15-30,2,13,1722.25,143.52,6.5,17.5,INSUFFICIENT
2025,2025-08,PEAK,2764,Appartamento Area Giardino,31-60,3,22,5685.15,252.22,7.33,42.0,INSUFFICIENT
2025,2025-08,PEAK,2764,Appartamento Area Giardino,61-90,9,72,22789.15,303.45,8.0,72.44,INSUFFICIENT
2025,2025-08,PEAK,2764,Appartamento Area Giardino,91-180,69,577,67252.86,110.63,8.36,150.87,MEDIUM
2025,2025-08,PEAK,2764,Appartamento Area Giardino,181+,3,27,7580.0,299.41,9.0,242.33,INSUFFICIENT
2025,2025-08,PEAK,2765,Appartamento Area Piscina,0-7,8,37,6484.57,147.2,4.62,3.25,INSUFFICIENT
2025,2025-08,PEAK,2765,Appartamento Area Piscina,8-14,11,68,18781.67,279.51,6.18,10.55,LOW
2025,2025-08,PEAK,2765,Appartamento Area Piscina,15-30,10,63,14272.33,239.75,6.3,23.6,LOW
2025,2025-08,PEAK,2765,Appartamento Area Piscina,31-60,14,105,30462.19,284.4,7.5,48.64,LOW
2025,2025-08,PEAK,2765,Appartamento Area Piscina,61-90,9,65,19748.3,290.07,7.22,75.89,INSUFFICIENT
2025,2025-08,PEAK,2765,Appartamento Area Piscina,91-180,21,218,39289.12,193.84,10.38,135.67,LOW
2025,2025-08,PEAK,2765,Appartamento Area Piscina,181+,1,7,390.0,55.71,7.0,276.0,INSUFFICIENT
2025,2025-08,PEAK,2767,Suite Familiare Vista Piscina,0-7,2,4,1130.0,188.34,2.0,5.5,INSUFFICIENT
2025,2025-08,PEAK,2767,Suite Familiare Vista Piscina,8-14,1,1,230.0,230.0,1.0,8.0,INSUFFICIENT
2025,2025-08,PEAK,2767,Suite Familiare Vista Piscina,15-30,1,2,990.0,495.0,2.0,29.0,INSUFFICIENT
2025,2025-08,PEAK,2767,Suite Familiare Vista Piscina,91-180,2,15,5323.0,360.66,7.5,140.5,INSUFFICIENT
2025,2025-08,PEAK,2767,Suite Familiare Vista Piscina,181+,1,7,3890.0,555.71,7.0,193.0,INSUFFICIENT
2025,2025-08,PEAK,3231,Suite Familiare,0-7,1,3,700.0,233.33,3.0,5.0,INSUFFICIENT
2025,2025-08,PEAK,3231,Suite Familiare,15-30,1,3,930.0,310.0,3.0,29.0,INSUFFICIENT
2025,2025-08,PEAK,3231,Suite Familiare,31-60,1,1,0.0,0.0,1.0,47.0,INSUFFICIENT
2025,2025-08,PEAK,5375,Villino 2Ten,0-7,2,9,3850.0,240.62,4.5,5.0,INSUFFICIENT
2025,2025-08,PEAK,5375,Villino 2Ten,61-90,1,14,4445.15,317.51,14.0,82.0,INSUFFICIENT
2025,2025-08,PEAK,5376,Villino Double,0-7,3,13,2020.0,114.44,4.33,3.67,INSUFFICIENT
2025,2025-08,PEAK,5376,Villino Double,15-30,1,5,2060.0,412.0,5.0,27.0,INSUFFICIENT
2025,2025-08,PEAK,5376,Villino Double,91-180,1,10,1400.0,140.0,10.0,103.0,INSUFFICIENT
2025,2025-09,SHOULDER,2761,Camera  Standard,0-7,33,79,9173.59,113.02,2.39,3.24,MEDIUM
2025,2025-09,SHOULDER,2761,Camera  Standard,8-14,12,43,5339.05,119.02,3.58,11.17,LOW
2025,2025-09,SHOULDER,2761,Camera  Standard,15-30,11,24,3566.0,146.3,2.18,22.82,LOW
2025,2025-09,SHOULDER,2761,Camera  Standard,31-60,2,9,1530.5,163.3,4.5,35.5,INSUFFICIENT
2025,2025-09,SHOULDER,2761,Camera  Standard,61-90,3,14,2067.81,143.13,4.67,81.33,INSUFFICIENT
2025,2025-09,SHOULDER,2762,Camera Superior,0-7,14,24,3397.74,121.37,1.71,2.14,LOW
2025,2025-09,SHOULDER,2762,Camera Superior,8-14,5,19,2538.66,179.73,3.8,11.4,INSUFFICIENT
2025,2025-09,SHOULDER,2762,Camera Superior,15-30,2,9,1765.93,194.85,4.5,17.0,INSUFFICIENT
2025,2025-09,SHOULDER,2762,Camera Superior,31-60,3,13,2902.89,186.29,4.33,50.33,INSUFFICIENT
2025,2025-09,SHOULDER,2762,Camera Superior,61-90,1,3,645.99,215.33,3.0,65.0,INSUFFICIENT
2025,2025-09,SHOULDER,2762,Camera Superior,91-180,1,8,920.87,115.11,8.0,98.0,INSUFFICIENT
2025,2025-09,SHOULDER,2762,Camera Superior,181+,1,6,1112.97,185.5,6.0,231.0,INSUFFICIENT
2025,2025-09,SHOULDER,2763,Camera Deluxe,0-7,6,20,3721.95,179.12,3.33,3.17,INSUFFICIENT
2025,2025-09,SHOULDER,2763,Camera Deluxe,8-14,5,22,5172.4,238.79,4.4,10.4,INSUFFICIENT
2025,2025-09,SHOULDER,2763,Camera Deluxe,31-60,1,4,231.1,57.77,4.0,51.0,INSUFFICIENT
2025,2025-09,SHOULDER,2763,Camera Deluxe,61-90,1,15,2836.66,189.11,15.0,71.0,INSUFFICIENT
2025,2025-09,SHOULDER,2763,Camera Deluxe,91-180,1,2,738.2,369.1,2.0,110.0,INSUFFICIENT
2025,2025-09,SHOULDER,2764,Appartamento Area Giardino,0-7,36,116,23453.54,201.05,3.22,3.75,MEDIUM
2025,2025-09,SHOULDER,2764,Appartamento Area Giardino,8-14,3,14,3350.0,258.38,4.67,8.0,INSUFFICIENT
2025,2025-09,SHOULDER,2764,Appartamento Area Giardino,15-30,2,9,1884.0,205.75,4.5,23.0,INSUFFICIENT
2025,2025-09,SHOULDER,2764,Appartamento Area Giardino,31-60,1,5,1417.6,283.52,5.0,60.0,INSUFFICIENT
2025,2025-09,SHOULDER,2764,Appartamento Area Giardino,91-180,1,8,747.0,93.38,8.0,145.0,INSUFFICIENT
2025,2025-09,SHOULDER,2765,Appartamento Area Piscina,0-7,14,65,10263.6,157.25,4.64,3.14,LOW
2025,2025-09,SHOULDER,2765,Appartamento Area Piscina,8-14,1,11,1390.0,126.36,11.0,8.0,INSUFFICIENT
2025,2025-09,SHOULDER,2765,Appartamento Area Piscina,15-30,11,55,10880.21,204.44,5.0,22.18,LOW
2025,2025-09,SHOULDER,2765,Appartamento Area Piscina,31-60,3,16,3189.06,208.73,5.33,43.67,INSUFFICIENT
2025,2025-09,SHOULDER,2765,Appartamento Area Piscina,61-90,1,5,698.95,139.79,5.0,72.0,INSUFFICIENT
2025,2025-09,SHOULDER,5376,Villino Double,0-7,2,2,0.0,0.0,1.0,3.0,INSUFFICIENT
2025,2025-11,LOW,2761,Camera  Standard,0-7,13,13,0.0,0.0,1.0,4.0,LOW
2025,2025-11,LOW,2762,Camera Superior,0-7,2,2,0.0,0.0,1.0,4.0,INSUFFICIENT
2025,2025-11,LOW,2763,Camera Deluxe,0-7,2,2,0.0,0.0,1.0,4.0,INSUFFICIENT
2025,2025-11,LOW,2767,Suite Familiare Vista Piscina,0-7,1,1,0.0,0.0,1.0,4.0,INSUFFICIENT
2026,2026-05,LOW,2761,Camera  Standard,8-14,6,12,1521.2,126.77,2.0,10.0,INSUFFICIENT
2026,2026-05,LOW,2761,Camera  Standard,15-30,12,32,9954.59,263.79,2.67,23.42,LOW
2026,2026-05,LOW,2761,Camera  Standard,31-60,11,36,2889.99,75.61,3.27,39.45,LOW
2026,2026-05,LOW,2762,Camera Superior,8-14,4,8,1477.75,184.72,2.0,11.75,INSUFFICIENT
2026,2026-05,LOW,2762,Camera Superior,15-30,10,25,4068.63,148.29,2.5,24.1,LOW
2026,2026-05,LOW,2762,Camera Superior,31-60,3,9,1120.0,124.44,3.0,40.0,INSUFFICIENT
2026,2026-05,LOW,2763,Camera Deluxe,0-7,1,2,433.12,216.56,2.0,1.0,INSUFFICIENT
2026,2026-05,LOW,2763,Camera Deluxe,15-30,3,11,1543.46,146.41,3.67,20.33,INSUFFICIENT
2026,2026-05,LOW,2763,Camera Deluxe,31-60,1,3,861.0,287.0,3.0,42.0,INSUFFICIENT
2026,2026-05,LOW,2764,Appartamento Area Giardino,0-7,26,51,8548.5,165.17,1.96,2.85,LOW
2026,2026-05,LOW,2764,Appartamento Area Giardino,8-14,2,4,843.58,210.9,2.0,11.0,INSUFFICIENT
2026,2026-05,LOW,2764,Appartamento Area Giardino,15-30,20,65,10023.0,152.4,3.25,26.45,LOW
2026,2026-05,LOW,2764,Appartamento Area Giardino,31-60,6,21,4730.0,222.36,3.5,40.67,INSUFFICIENT
2026,2026-05,LOW,2765,Appartamento Area Piscina,0-7,6,16,8207.44,450.96,2.67,3.17,INSUFFICIENT
2026,2026-05,LOW,2765,Appartamento Area Piscina,8-14,3,6,963.61,160.6,2.0,10.67,INSUFFICIENT
2026,2026-05,LOW,2765,Appartamento Area Piscina,15-30,7,16,2056.38,137.42,2.29,21.57,INSUFFICIENT
2026,2026-05,LOW,2765,Appartamento Area Piscina,31-60,15,42,3082.95,82.13,2.8,35.8,LOW
2026,2026-05,LOW,2765,Appartamento Area Piscina,61-90,1,3,598.0,199.33,3.0,84.0,INSUFFICIENT
2026,2026-05,LOW,2765,Appartamento Area Piscina,91-180,2,16,2800.0,175.0,8.0,97.0,INSUFFICIENT
2026,2026-05,LOW,2767,Suite Familiare Vista Piscina,15-30,1,4,952.0,238.0,4.0,26.0,INSUFFICIENT
2026,2026-05,LOW,3231,Suite Familiare,15-30,1,3,420.0,140.0,3.0,24.0,INSUFFICIENT
2026,2026-05,LOW,5375,Villino 2Ten,8-14,1,2,340.0,170.0,2.0,8.0,INSUFFICIENT
2026,2026-05,LOW,5375,Villino 2Ten,31-60,1,3,221.0,73.67,3.0,44.0,INSUFFICIENT
2026,2026-05,LOW,5376,Villino Double,15-30,2,5,551.9,120.48,2.5,23.0,INSUFFICIENT
2026,2026-05,LOW,22380,OTA Camera Standard,15-30,2,4,565.68,141.42,2.0,20.0,INSUFFICIENT
2026,2026-06,SHOULDER,2761,Camera  Standard,0-7,24,61,6029.24,99.15,2.54,1.83,LOW
2026,2026-06,SHOULDER,2761,Camera  Standard,8-14,9,29,3420.41,124.82,3.22,11.0,INSUFFICIENT
2026,2026-06,SHOULDER,2761,Camera  Standard,15-30,14,57,8944.46,157.11,4.07,23.21,LOW
2026,2026-06,SHOULDER,2761,Camera  Standard,31-60,11,73,10500.93,142.26,6.64,44.27,LOW
2026,2026-06,SHOULDER,2761,Camera  Standard,61-90,8,61,9810.24,160.88,7.62,72.5,INSUFFICIENT
2026,2026-06,SHOULDER,2761,Camera  Standard,91-180,8,59,10215.2,179.43,7.38,116.75,INSUFFICIENT
2026,2026-06,SHOULDER,2762,Camera Superior,0-7,10,22,2264.89,106.26,2.2,3.1,LOW
2026,2026-06,SHOULDER,2762,Camera Superior,8-14,3,11,1378.6,126.41,3.67,13.0,INSUFFICIENT
2026,2026-06,SHOULDER,2762,Camera Superior,15-30,9,38,6766.11,170.8,4.22,21.22,INSUFFICIENT
2026,2026-06,SHOULDER,2762,Camera Superior,31-60,16,92,17316.12,175.48,5.75,43.12,LOW
2026,2026-06,SHOULDER,2762,Camera Superior,61-90,1,6,984.65,164.11,6.0,64.0,INSUFFICIENT
2026,2026-06,SHOULDER,2762,Camera Superior,91-180,4,33,6620.0,205.18,8.25,105.0,INSUFFICIENT
2026,2026-06,SHOULDER,2762,Camera Superior,181+,1,16,3600.0,225.0,16.0,220.0,INSUFFICIENT
2026,2026-06,SHOULDER,2763,Camera Deluxe,0-7,3,13,2116.31,164.86,4.33,4.0,INSUFFICIENT
2026,2026-06,SHOULDER,2763,Camera Deluxe,8-14,1,7,1696.72,242.39,7.0,9.0,INSUFFICIENT
2026,2026-06,SHOULDER,2763,Camera Deluxe,15-30,7,44,8362.66,192.15,6.29,21.43,INSUFFICIENT
2026,2026-06,SHOULDER,2763,Camera Deluxe,31-60,1,7,1315.95,187.99,7.0,41.0,INSUFFICIENT
2026,2026-06,SHOULDER,2763,Camera Deluxe,61-90,1,7,2500.0,357.14,7.0,66.0,INSUFFICIENT
2026,2026-06,SHOULDER,2764,Appartamento Area Giardino,0-7,10,32,3214.27,115.38,3.2,2.7,LOW
2026,2026-06,SHOULDER,2764,Appartamento Area Giardino,8-14,6,18,3738.71,222.3,3.0,11.67,INSUFFICIENT
2026,2026-06,SHOULDER,2764,Appartamento Area Giardino,15-30,9,58,13868.48,246.03,6.44,21.89,INSUFFICIENT
2026,2026-06,SHOULDER,2764,Appartamento Area Giardino,31-60,13,100,20105.36,206.11,7.69,43.31,LOW
2026,2026-06,SHOULDER,2764,Appartamento Area Giardino,61-90,12,103,21620.52,207.48,8.58,72.42,LOW
2026,2026-06,SHOULDER,2764,Appartamento Area Giardino,91-180,6,45,11710.0,260.24,7.5,104.67,INSUFFICIENT
2026,2026-06,SHOULDER,2764,Appartamento Area Giardino,181+,17,140,12771.0,75.22,8.24,214.53,LOW
2026,2026-06,SHOULDER,2765,Appartamento Area Piscina,0-7,15,48,8491.55,169.41,3.2,2.53,LOW
2026,2026-06,SHOULDER,2765,Appartamento Area Piscina,8-14,6,31,5534.43,183.38,5.17,12.0,INSUFFICIENT
2026,2026-06,SHOULDER,2765,Appartamento Area Piscina,15-30,16,78,14584.73,184.82,4.88,19.56,LOW
2026,2026-06,SHOULDER,2765,Appartamento Area Piscina,31-60,10,79,16556.14,210.02,7.9,42.3,LOW
2026,2026-06,SHOULDER,2765,Appartamento Area Piscina,61-90,4,29,6877.52,237.59,7.25,82.75,INSUFFICIENT
2026,2026-06,SHOULDER,2765,Appartamento Area Piscina,91-180,5,44,10242.46,234.9,8.8,115.4,INSUFFICIENT
2026,2026-06,SHOULDER,2765,Appartamento Area Piscina,181+,3,21,70.0,3.33,7.0,215.0,INSUFFICIENT
2026,2026-06,SHOULDER,3231,Suite Familiare,0-7,2,8,1308.6,165.73,4.0,4.0,INSUFFICIENT
2026,2026-06,SHOULDER,3231,Suite Familiare,15-30,1,3,555.35,185.12,3.0,21.0,INSUFFICIENT
2026,2026-06,SHOULDER,3231,Suite Familiare,91-180,1,8,2400.0,300.0,8.0,134.0,INSUFFICIENT
2026,2026-06,SHOULDER,3231,Suite Familiare,181+,1,12,3440.0,286.67,12.0,187.0,INSUFFICIENT
2026,2026-06,SHOULDER,5375,Villino 2Ten,0-7,1,3,400.0,133.33,3.0,6.0,INSUFFICIENT
2026,2026-06,SHOULDER,5375,Villino 2Ten,15-30,1,3,351.35,117.12,3.0,21.0,INSUFFICIENT
2026,2026-06,SHOULDER,5375,Villino 2Ten,31-60,2,14,2800.0,200.0,7.0,42.5,INSUFFICIENT
2026,2026-06,SHOULDER,5376,Villino Double,15-30,1,7,2100.0,300.0,7.0,27.0,INSUFFICIENT
2026,2026-06,SHOULDER,5376,Villino Double,91-180,2,16,4325.0,277.18,8.0,141.0,INSUFFICIENT
2026,2026-06,SHOULDER,22380,OTA Camera Standard,8-14,1,1,186.88,186.88,1.0,14.0,INSUFFICIENT
2026,2026-06,SHOULDER,22380,OTA Camera Standard,15-30,1,5,764.15,152.83,5.0,26.0,INSUFFICIENT
2026,2026-07,PEAK,2761,Camera  Standard,0-7,5,11,2255.0,181.17,2.2,2.4,INSUFFICIENT
2026,2026-07,PEAK,2761,Camera  Standard,8-14,8,23,5225.84,213.33,2.88,11.0,INSUFFICIENT
2026,2026-07,PEAK,2761,Camera  Standard,15-30,7,27,6516.85,209.36,3.86,20.29,INSUFFICIENT
2026,2026-07,PEAK,2761,Camera  Standard,31-60,10,56,11997.05,219.95,5.6,48.2,LOW
2026,2026-07,PEAK,2761,Camera  Standard,61-90,15,105,21853.41,207.83,7.0,77.73,LOW
2026,2026-07,PEAK,2761,Camera  Standard,91-180,11,85,16781.39,198.53,7.73,111.73,LOW
2026,2026-07,PEAK,2761,Camera  Standard,181+,1,2,374.49,187.25,2.0,214.0,INSUFFICIENT
2026,2026-07,PEAK,2762,Camera Superior,0-7,8,30,7288.64,242.36,3.75,2.5,INSUFFICIENT
2026,2026-07,PEAK,2762,Camera Superior,8-14,2,13,3278.23,251.42,6.5,11.5,INSUFFICIENT
2026,2026-07,PEAK,2762,Camera Superior,15-30,7,37,10711.82,284.19,5.29,23.57,INSUFFICIENT
2026,2026-07,PEAK,2762,Camera Superior,31-60,5,26,5660.64,212.01,5.2,48.6,INSUFFICIENT
2026,2026-07,PEAK,2762,Camera Superior,61-90,7,52,13564.36,258.6,7.43,75.43,INSUFFICIENT
2026,2026-07,PEAK,2762,Camera Superior,91-180,5,35,7496.1,214.17,7.0,140.8,INSUFFICIENT
2026,2026-07,PEAK,2762,Camera Superior,181+,1,14,3300.0,235.71,14.0,187.0,INSUFFICIENT
2026,2026-07,PEAK,2763,Camera Deluxe,0-7,1,4,1530.0,382.5,4.0,2.0,INSUFFICIENT
2026,2026-07,PEAK,2763,Camera Deluxe,15-30,5,22,7280.54,332.31,4.4,23.8,INSUFFICIENT
2026,2026-07,PEAK,2763,Camera Deluxe,31-60,2,13,5340.8,435.72,6.5,54.0,INSUFFICIENT
2026,2026-07,PEAK,2763,Camera Deluxe,61-90,6,45,14857.5,334.54,7.5,76.67,INSUFFICIENT
2026,2026-07,PEAK,2763,Camera Deluxe,91-180,1,11,3889.85,353.62,11.0,125.0,INSUFFICIENT
2026,2026-07,PEAK,2764,Appartamento Area Giardino,0-7,10,45,15102.6,270.53,4.5,2.9,LOW
2026,2026-07,PEAK,2764,Appartamento Area Giardino,8-14,4,17,4552.76,218.36,4.25,12.25,INSUFFICIENT
2026,2026-07,PEAK,2764,Appartamento Area Giardino,15-30,2,14,3347.08,239.08,7.0,20.5,INSUFFICIENT
2026,2026-07,PEAK,2764,Appartamento Area Giardino,31-60,7,50,13916.88,277.24,7.14,41.43,INSUFFICIENT
2026,2026-07,PEAK,2764,Appartamento Area Giardino,61-90,9,64,18609.61,296.05,7.11,74.22,INSUFFICIENT
2026,2026-07,PEAK,2764,Appartamento Area Giardino,91-180,9,73,24840.08,340.88,8.11,118.11,INSUFFICIENT
2026,2026-07,PEAK,2764,Appartamento Area Giardino,181+,45,333,30470.99,95.04,7.4,235.71,MEDIUM
2026,2026-07,PEAK,2765,Appartamento Area Piscina,0-7,18,56,16627.8,226.38,3.11,2.83,LOW
2026,2026-07,PEAK,2765,Appartamento Area Piscina,8-14,1,7,1807.89,258.27,7.0,14.0,INSUFFICIENT
2026,2026-07,PEAK,2765,Appartamento Area Piscina,15-30,4,25,8898.82,337.47,6.25,22.75,INSUFFICIENT
2026,2026-07,PEAK,2765,Appartamento Area Piscina,31-60,15,104,31189.41,300.87,6.93,42.93,LOW
2026,2026-07,PEAK,2765,Appartamento Area Piscina,61-90,8,63,20316.41,323.63,7.88,77.75,INSUFFICIENT
2026,2026-07,PEAK,2765,Appartamento Area Piscina,91-180,7,57,18057.85,320.99,8.14,131.29,INSUFFICIENT
2026,2026-07,PEAK,2765,Appartamento Area Piscina,181+,5,45,9283.0,173.04,9.0,220.8,INSUFFICIENT
2026,2026-07,PEAK,2767,Suite Familiare Vista Piscina,61-90,2,14,5992.45,428.03,7.0,72.0,INSUFFICIENT
2026,2026-07,PEAK,3231,Suite Familiare,0-7,1,2,300.0,150.0,2.0,4.0,INSUFFICIENT
2026,2026-07,PEAK,5375,Villino 2Ten,61-90,1,10,2100.0,210.0,10.0,73.0,INSUFFICIENT
2026,2026-07,PEAK,5376,Villino Double,61-90,1,7,1960.0,280.0,7.0,70.0,INSUFFICIENT
2026,2026-07,PEAK,5376,Villino Double,91-180,1,9,3613.05,401.45,9.0,101.0,INSUFFICIENT
