stay_year,stay_month,season_band,booking_window_band,arrangement_code,arrangement_name,quoted_requests,overall_converted_requests,same_treatment_converted_requests,avg_quote_amount,overall_conversion_pct,same_treatment_conversion_pct,comparability_group
2024,2024-02,LOW,15-30,BB,Bed & Breakfast,1,0,0,420.0,0.0,0.0,COMPARABLE_COMMERCIAL
2024,2024-05,LOW,0-7,HB,Mezza Pensione,8,0,0,509.38,0.0,0.0,COMPARABLE_COMMERCIAL
2024,2024-05,LOW,8-14,FB,Pensione Completa,1,1,1,690.0,100.0,100.0,COMPARABLE_COMMERCIAL
2024,2024-05,LOW,8-14,HB,Mezza Pensione,11,0,0,524.09,0.0,0.0,COMPARABLE_COMMERCIAL
2024,2024-05,LOW,15-30,HB,Mezza Pensione,9,0,0,652.22,0.0,0.0,COMPARABLE_COMMERCIAL
2024,2024-05,LOW,31-60,HB,Mezza Pensione,1,0,0,440.0,0.0,0.0,COMPARABLE_COMMERCIAL
2024,2024-05,LOW,61-90,HB,Mezza Pensione,4,1,1,719.25,25.0,25.0,COMPARABLE_COMMERCIAL
2024,2024-05,LOW,91-180,FB,Pensione Completa,2,0,0,1190.0,0.0,0.0,COMPARABLE_COMMERCIAL
2024,2024-05,LOW,91-180,HB,Mezza Pensione,4,0,0,1590.0,0.0,0.0,COMPARABLE_COMMERCIAL
2024,2024-06,SHOULDER,0-7,FB,Pensione Completa,38,2,2,1373.78,5.26,5.26,COMPARABLE_COMMERCIAL
2024,2024-06,SHOULDER,0-7,HB,Mezza Pensione,68,3,3,1120.66,4.41,4.41,COMPARABLE_COMMERCIAL
2024,2024-06,SHOULDER,8-14,FB,Pensione Completa,58,1,1,1616.06,1.72,1.72,COMPARABLE_COMMERCIAL
2024,2024-06,SHOULDER,8-14,HB,Mezza Pensione,65,6,5,1532.45,9.23,7.69,COMPARABLE_COMMERCIAL
2024,2024-06,SHOULDER,15-30,FB,Pensione Completa,149,2,2,2030.2,1.34,1.34,COMPARABLE_COMMERCIAL
2024,2024-06,SHOULDER,15-30,HB,Mezza Pensione,204,2,2,1680.69,0.98,0.98,COMPARABLE_COMMERCIAL
2024,2024-06,SHOULDER,31-60,FB,Pensione Completa,83,3,3,2246.57,3.61,3.61,COMPARABLE_COMMERCIAL
2024,2024-06,SHOULDER,31-60,HB,Mezza Pensione,106,6,5,2005.74,5.66,4.72,COMPARABLE_COMMERCIAL
2024,2024-06,SHOULDER,61-90,FB,Pensione Completa,72,8,8,1814.48,11.11,11.11,COMPARABLE_COMMERCIAL
2024,2024-06,SHOULDER,61-90,HB,Mezza Pensione,58,5,4,1809.84,8.62,6.9,COMPARABLE_COMMERCIAL
2024,2024-06,SHOULDER,91-180,FB,Pensione Completa,162,12,10,1682.39,7.41,6.17,COMPARABLE_COMMERCIAL
2024,2024-06,SHOULDER,91-180,HB,Mezza Pensione,148,12,11,1620.74,8.11,7.43,COMPARABLE_COMMERCIAL
2024,2024-06,SHOULDER,181+,FB,Pensione Completa,32,6,6,1862.29,18.75,18.75,COMPARABLE_COMMERCIAL
2024,2024-06,SHOULDER,181+,HB,Mezza Pensione,32,2,1,1622.75,6.25,3.12,COMPARABLE_COMMERCIAL
2024,2024-07,PEAK,0-7,FB,Pensione Completa,51,3,3,2127.55,5.88,5.88,COMPARABLE_COMMERCIAL
2024,2024-07,PEAK,0-7,HB,Mezza Pensione,60,1,1,2074.77,1.67,1.67,COMPARABLE_COMMERCIAL
2024,2024-07,PEAK,8-14,FB,Pensione Completa,127,11,11,2527.54,8.66,8.66,COMPARABLE_COMMERCIAL
2024,2024-07,PEAK,8-14,HB,Mezza Pensione,129,11,7,2251.39,8.53,5.43,COMPARABLE_COMMERCIAL
2024,2024-07,PEAK,15-30,FB,Pensione Completa,185,8,8,2760.33,4.32,4.32,COMPARABLE_COMMERCIAL
2024,2024-07,PEAK,15-30,HB,Mezza Pensione,202,4,2,2494.49,1.98,0.99,COMPARABLE_COMMERCIAL
2024,2024-07,PEAK,31-60,FB,Pensione Completa,188,5,5,3019.0,2.66,2.66,COMPARABLE_COMMERCIAL
2024,2024-07,PEAK,31-60,HB,Mezza Pensione,142,4,3,2848.51,2.82,2.11,COMPARABLE_COMMERCIAL
2024,2024-07,PEAK,61-90,FB,Pensione Completa,113,5,5,2877.76,4.42,4.42,COMPARABLE_COMMERCIAL
2024,2024-07,PEAK,61-90,HB,Mezza Pensione,66,1,1,2740.45,1.52,1.52,COMPARABLE_COMMERCIAL
2024,2024-07,PEAK,91-180,BB,Bed & Breakfast,2,2,2,2125.0,100.0,100.0,COMPARABLE_COMMERCIAL
2024,2024-07,PEAK,91-180,FB,Pensione Completa,244,17,17,2478.18,6.97,6.97,COMPARABLE_COMMERCIAL
2024,2024-07,PEAK,91-180,HB,Mezza Pensione,193,11,6,2605.81,5.7,3.11,COMPARABLE_COMMERCIAL
2024,2024-07,PEAK,181+,FB,Pensione Completa,77,7,7,2493.92,9.09,9.09,COMPARABLE_COMMERCIAL
2024,2024-07,PEAK,181+,HB,Mezza Pensione,40,0,0,2771.66,0.0,0.0,COMPARABLE_COMMERCIAL
2024,2024-08,PEAK,0-7,FB,Pensione Completa,78,7,7,2240.46,8.97,8.97,COMPARABLE_COMMERCIAL
2024,2024-08,PEAK,0-7,HB,Mezza Pensione,86,10,9,2190.36,11.63,10.47,COMPARABLE_COMMERCIAL
2024,2024-08,PEAK,8-14,FB,Pensione Completa,97,10,10,2822.42,10.31,10.31,COMPARABLE_COMMERCIAL
2024,2024-08,PEAK,8-14,HB,Mezza Pensione,108,2,0,2715.32,1.85,0.0,COMPARABLE_COMMERCIAL
2024,2024-08,PEAK,15-30,BB,Bed & Breakfast,1,0,0,2190.0,0.0,0.0,COMPARABLE_COMMERCIAL
2024,2024-08,PEAK,15-30,FB,Pensione Completa,205,9,9,3258.3,4.39,4.39,COMPARABLE_COMMERCIAL
2024,2024-08,PEAK,15-30,HB,Mezza Pensione,247,4,2,2980.2,1.62,0.81,COMPARABLE_COMMERCIAL
2024,2024-08,PEAK,31-60,FB,Pensione Completa,257,5,5,3616.78,1.95,1.95,COMPARABLE_COMMERCIAL
2024,2024-08,PEAK,31-60,HB,Mezza Pensione,294,11,8,3470.92,3.74,2.72,COMPARABLE_COMMERCIAL
2024,2024-08,PEAK,61-90,FB,Pensione Completa,196,1,1,3579.69,0.51,0.51,COMPARABLE_COMMERCIAL
2024,2024-08,PEAK,61-90,HB,Mezza Pensione,180,1,0,3579.11,0.56,0.0,COMPARABLE_COMMERCIAL
2024,2024-08,PEAK,91-180,FB,Pensione Completa,317,10,10,3529.46,3.15,3.15,COMPARABLE_COMMERCIAL
2024,2024-08,PEAK,91-180,HB,Mezza Pensione,334,7,7,3812.85,2.1,2.1,COMPARABLE_COMMERCIAL
2024,2024-08,PEAK,181+,FB,Pensione Completa,145,1,1,3662.04,0.69,0.69,COMPARABLE_COMMERCIAL
2024,2024-08,PEAK,181+,HB,Mezza Pensione,117,4,3,3717.07,3.42,2.56,COMPARABLE_COMMERCIAL
2024,2024-09,SHOULDER,0-7,FB,Pensione Completa,25,3,2,1324.14,12.0,8.0,COMPARABLE_COMMERCIAL
2024,2024-09,SHOULDER,0-7,HB,Mezza Pensione,20,4,4,995.5,20.0,20.0,COMPARABLE_COMMERCIAL
2024,2024-09,SHOULDER,8-14,FB,Pensione Completa,71,2,1,1649.07,2.82,1.41,COMPARABLE_COMMERCIAL
2024,2024-09,SHOULDER,8-14,HB,Mezza Pensione,76,2,2,1350.79,2.63,2.63,COMPARABLE_COMMERCIAL
2024,2024-09,SHOULDER,15-30,FB,Pensione Completa,100,3,3,1483.62,3.0,3.0,COMPARABLE_COMMERCIAL
2024,2024-09,SHOULDER,15-30,HB,Mezza Pensione,135,4,3,1213.73,2.96,2.22,COMPARABLE_COMMERCIAL
2024,2024-09,SHOULDER,31-60,FB,Pensione Completa,112,4,3,1677.1,3.57,2.68,COMPARABLE_COMMERCIAL
2024,2024-09,SHOULDER,31-60,HB,Mezza Pensione,87,4,4,1307.84,4.6,4.6,COMPARABLE_COMMERCIAL
2024,2024-09,SHOULDER,61-90,FB,Pensione Completa,135,3,3,1777.89,2.22,2.22,COMPARABLE_COMMERCIAL
2024,2024-09,SHOULDER,61-90,HB,Mezza Pensione,139,0,0,1492.17,0.0,0.0,COMPARABLE_COMMERCIAL
2024,2024-09,SHOULDER,91-180,FB,Pensione Completa,175,4,4,1799.48,2.29,2.29,COMPARABLE_COMMERCIAL
2024,2024-09,SHOULDER,91-180,HB,Mezza Pensione,201,3,2,1529.69,1.49,1.0,COMPARABLE_COMMERCIAL
2024,2024-09,SHOULDER,181+,FB,Pensione Completa,22,1,1,1613.18,4.55,4.55,COMPARABLE_COMMERCIAL
2024,2024-09,SHOULDER,181+,HB,Mezza Pensione,17,0,0,1522.94,0.0,0.0,COMPARABLE_COMMERCIAL
2025,2025-05,LOW,0-7,FB,Pensione Completa,1,0,0,1470.0,0.0,0.0,COMPARABLE_COMMERCIAL
2025,2025-05,LOW,0-7,HB,Mezza Pensione,1,0,0,336.0,0.0,0.0,COMPARABLE_COMMERCIAL
2025,2025-05,LOW,8-14,BB,Bed & Breakfast,2,0,0,268.5,0.0,0.0,COMPARABLE_COMMERCIAL
2025,2025-05,LOW,8-14,FB,Pensione Completa,3,0,0,648.13,0.0,0.0,COMPARABLE_COMMERCIAL
2025,2025-05,LOW,8-14,HB,Mezza Pensione,5,0,0,661.28,0.0,0.0,COMPARABLE_COMMERCIAL
2025,2025-05,LOW,15-30,BB,Bed & Breakfast,13,2,0,419.46,15.38,0.0,COMPARABLE_COMMERCIAL
2025,2025-05,LOW,15-30,FB,Pensione Completa,51,7,7,560.33,13.73,13.73,COMPARABLE_COMMERCIAL
2025,2025-05,LOW,15-30,HB,Mezza Pensione,34,7,2,500.13,20.59,5.88,COMPARABLE_COMMERCIAL
2025,2025-05,LOW,15-30,OB,Only Bed,1,0,0,1392.0,0.0,0.0,COMPARABLE_COMMERCIAL
2025,2025-05,LOW,31-60,BB,Bed & Breakfast,2,0,0,384.5,0.0,0.0,COMPARABLE_COMMERCIAL
2025,2025-05,LOW,31-60,FB,Pensione Completa,10,1,1,789.92,10.0,10.0,COMPARABLE_COMMERCIAL
2025,2025-05,LOW,31-60,HB,Mezza Pensione,12,1,1,369.28,8.33,8.33,COMPARABLE_COMMERCIAL
2025,2025-05,LOW,31-60,OB,Only Bed,2,0,0,672.5,0.0,0.0,COMPARABLE_COMMERCIAL
2025,2025-05,LOW,61-90,BB,Bed & Breakfast,1,0,0,2245.2,0.0,0.0,COMPARABLE_COMMERCIAL
2025,2025-05,LOW,61-90,FB,Pensione Completa,5,0,0,3506.46,0.0,0.0,COMPARABLE_COMMERCIAL
2025,2025-05,LOW,61-90,HB,Mezza Pensione,3,1,1,559.92,33.33,33.33,COMPARABLE_COMMERCIAL
2025,2025-05,LOW,91-180,FB,Pensione Completa,1,0,0,1729.92,0.0,0.0,COMPARABLE_COMMERCIAL
2025,2025-05,LOW,91-180,HB,Mezza Pensione,1,0,0,145.22,0.0,0.0,COMPARABLE_COMMERCIAL
2025,2025-06,SHOULDER,0-7,BB,Bed & Breakfast,29,6,2,408.41,20.69,6.9,COMPARABLE_COMMERCIAL
2025,2025-06,SHOULDER,0-7,FB,Pensione Completa,54,11,6,912.41,20.37,11.11,COMPARABLE_COMMERCIAL
2025,2025-06,SHOULDER,0-7,HB,Mezza Pensione,68,21,18,747.13,30.88,26.47,COMPARABLE_COMMERCIAL
2025,2025-06,SHOULDER,0-7,OB,Only Bed,8,2,1,495.82,25.0,12.5,COMPARABLE_COMMERCIAL
2025,2025-06,SHOULDER,8-14,BB,Bed & Breakfast,31,5,3,628.66,16.13,9.68,COMPARABLE_COMMERCIAL
2025,2025-06,SHOULDER,8-14,FB,Pensione Completa,62,8,6,1311.94,12.9,9.68,COMPARABLE_COMMERCIAL
2025,2025-06,SHOULDER,8-14,HB,Mezza Pensione,85,17,12,890.89,20.0,14.12,COMPARABLE_COMMERCIAL
2025,2025-06,SHOULDER,8-14,OB,Only Bed,5,0,0,782.32,0.0,0.0,COMPARABLE_COMMERCIAL
2025,2025-06,SHOULDER,15-30,BB,Bed & Breakfast,42,3,2,773.96,7.14,4.76,COMPARABLE_COMMERCIAL
2025,2025-06,SHOULDER,15-30,FB,Pensione Completa,191,4,4,1544.27,2.09,2.09,COMPARABLE_COMMERCIAL
2025,2025-06,SHOULDER,15-30,HB,Mezza Pensione,135,5,3,1233.36,3.7,2.22,COMPARABLE_COMMERCIAL
2025,2025-06,SHOULDER,15-30,OB,Only Bed,13,0,0,1011.42,0.0,0.0,COMPARABLE_COMMERCIAL
2025,2025-06,SHOULDER,31-60,BB,Bed & Breakfast,51,2,1,955.91,3.92,1.96,COMPARABLE_COMMERCIAL
2025,2025-06,SHOULDER,31-60,FB,Pensione Completa,385,8,7,1747.02,2.08,1.82,COMPARABLE_COMMERCIAL
2025,2025-06,SHOULDER,31-60,HB,Mezza Pensione,196,8,8,1328.31,4.08,4.08,COMPARABLE_COMMERCIAL
2025,2025-06,SHOULDER,31-60,OB,Only Bed,21,0,0,1257.58,0.0,0.0,COMPARABLE_COMMERCIAL
2025,2025-06,SHOULDER,61-90,BB,Bed & Breakfast,46,2,1,1157.47,4.35,2.17,COMPARABLE_COMMERCIAL
2025,2025-06,SHOULDER,61-90,FB,Pensione Completa,175,3,2,2069.76,1.71,1.14,COMPARABLE_COMMERCIAL
2025,2025-06,SHOULDER,61-90,HB,Mezza Pensione,121,7,6,1650.38,5.79,4.96,COMPARABLE_COMMERCIAL
2025,2025-06,SHOULDER,61-90,OB,Only Bed,14,0,0,1355.43,0.0,0.0,COMPARABLE_COMMERCIAL
2025,2025-06,SHOULDER,91-180,BB,Bed & Breakfast,21,0,0,1523.57,0.0,0.0,COMPARABLE_COMMERCIAL
2025,2025-06,SHOULDER,91-180,FB,Pensione Completa,121,1,1,2333.76,0.83,0.83,COMPARABLE_COMMERCIAL
2025,2025-06,SHOULDER,91-180,HB,Mezza Pensione,86,5,5,1938.78,5.81,5.81,COMPARABLE_COMMERCIAL
2025,2025-06,SHOULDER,91-180,OB,Only Bed,10,0,0,1365.22,0.0,0.0,COMPARABLE_COMMERCIAL
2025,2025-06,SHOULDER,181+,FB,Pensione Completa,2,0,0,1390.0,0.0,0.0,COMPARABLE_COMMERCIAL
2025,2025-07,PEAK,0-7,BB,Bed & Breakfast,31,2,1,1096.42,6.45,3.23,COMPARABLE_COMMERCIAL
2025,2025-07,PEAK,0-7,FB,Pensione Completa,78,4,3,1810.82,5.13,3.85,COMPARABLE_COMMERCIAL
2025,2025-07,PEAK,0-7,HB,Mezza Pensione,78,8,8,1483.34,10.26,10.26,COMPARABLE_COMMERCIAL
2025,2025-07,PEAK,0-7,OB,Only Bed,11,1,0,1316.09,9.09,0.0,COMPARABLE_COMMERCIAL
2025,2025-07,PEAK,8-14,BB,Bed & Breakfast,36,3,2,1070.9,8.33,5.56,COMPARABLE_COMMERCIAL
2025,2025-07,PEAK,8-14,FB,Pensione Completa,121,4,2,2021.59,3.31,1.65,COMPARABLE_COMMERCIAL
2025,2025-07,PEAK,8-14,HB,Mezza Pensione,91,9,7,1580.64,9.89,7.69,COMPARABLE_COMMERCIAL
2025,2025-07,PEAK,8-14,OB,Only Bed,14,0,0,1569.33,0.0,0.0,COMPARABLE_COMMERCIAL
2025,2025-07,PEAK,15-30,BB,Bed & Breakfast,71,2,2,1479.81,2.82,2.82,COMPARABLE_COMMERCIAL
2025,2025-07,PEAK,15-30,FB,Pensione Completa,231,8,7,2383.21,3.46,3.03,COMPARABLE_COMMERCIAL
2025,2025-07,PEAK,15-30,HB,Mezza Pensione,214,15,13,1857.54,7.01,6.07,COMPARABLE_COMMERCIAL
2025,2025-07,PEAK,15-30,OB,Only Bed,39,0,0,1887.26,0.0,0.0,COMPARABLE_COMMERCIAL
2025,2025-07,PEAK,31-60,BB,Bed & Breakfast,65,3,1,1602.19,4.62,1.54,COMPARABLE_COMMERCIAL
2025,2025-07,PEAK,31-60,FB,Pensione Completa,347,4,2,2484.02,1.15,0.58,COMPARABLE_COMMERCIAL
2025,2025-07,PEAK,31-60,HB,Mezza Pensione,249,11,8,1993.15,4.42,3.21,COMPARABLE_COMMERCIAL
2025,2025-07,PEAK,31-60,OB,Only Bed,32,1,0,1826.25,3.12,0.0,COMPARABLE_COMMERCIAL
2025,2025-07,PEAK,61-90,BB,Bed & Breakfast,39,0,0,1724.58,0.0,0.0,COMPARABLE_COMMERCIAL
2025,2025-07,PEAK,61-90,FB,Pensione Completa,246,3,2,2498.22,1.22,0.81,COMPARABLE_COMMERCIAL
2025,2025-07,PEAK,61-90,HB,Mezza Pensione,139,4,4,2045.88,2.88,2.88,COMPARABLE_COMMERCIAL
2025,2025-07,PEAK,61-90,OB,Only Bed,25,0,0,1915.85,0.0,0.0,COMPARABLE_COMMERCIAL
2025,2025-07,PEAK,91-180,BB,Bed & Breakfast,84,2,1,1741.37,2.38,1.19,COMPARABLE_COMMERCIAL
2025,2025-07,PEAK,91-180,FB,Pensione Completa,472,8,6,2801.52,1.69,1.27,COMPARABLE_COMMERCIAL
2025,2025-07,PEAK,91-180,HB,Mezza Pensione,311,6,6,2320.18,1.93,1.93,COMPARABLE_COMMERCIAL
2025,2025-07,PEAK,91-180,OB,Only Bed,24,0,0,2272.38,0.0,0.0,COMPARABLE_COMMERCIAL
2025,2025-07,PEAK,181+,FB,Pensione Completa,26,2,2,2051.12,7.69,7.69,COMPARABLE_COMMERCIAL
2025,2025-07,PEAK,181+,HB,Mezza Pensione,22,1,0,2370.45,4.55,0.0,COMPARABLE_COMMERCIAL
2025,2025-08,PEAK,0-7,BB,Bed & Breakfast,38,7,7,722.23,18.42,18.42,COMPARABLE_COMMERCIAL
2025,2025-08,PEAK,0-7,FB,Pensione Completa,89,6,4,1679.22,6.74,4.49,COMPARABLE_COMMERCIAL
2025,2025-08,PEAK,0-7,HB,Mezza Pensione,81,12,9,1182.9,14.81,11.11,COMPARABLE_COMMERCIAL
2025,2025-08,PEAK,0-7,OB,Only Bed,3,0,0,1238.67,0.0,0.0,COMPARABLE_COMMERCIAL
2025,2025-08,PEAK,8-14,BB,Bed & Breakfast,36,6,3,973.29,16.67,8.33,COMPARABLE_COMMERCIAL
2025,2025-08,PEAK,8-14,FB,Pensione Completa,97,7,3,1920.87,7.22,3.09,COMPARABLE_COMMERCIAL
2025,2025-08,PEAK,8-14,HB,Mezza Pensione,84,10,7,1368.77,11.9,8.33,COMPARABLE_COMMERCIAL
2025,2025-08,PEAK,8-14,OB,Only Bed,10,0,0,1367.87,0.0,0.0,COMPARABLE_COMMERCIAL
2025,2025-08,PEAK,15-30,BB,Bed & Breakfast,57,5,4,1219.62,8.77,7.02,COMPARABLE_COMMERCIAL
2025,2025-08,PEAK,15-30,FB,Pensione Completa,215,6,5,2370.6,2.79,2.33,COMPARABLE_COMMERCIAL
2025,2025-08,PEAK,15-30,HB,Mezza Pensione,197,13,8,1757.1,6.6,4.06,COMPARABLE_COMMERCIAL
2025,2025-08,PEAK,15-30,OB,Only Bed,16,0,0,1507.42,0.0,0.0,COMPARABLE_COMMERCIAL
2025,2025-08,PEAK,31-60,BB,Bed & Breakfast,92,2,1,1792.47,2.17,1.09,COMPARABLE_COMMERCIAL
2025,2025-08,PEAK,31-60,FB,Pensione Completa,372,4,2,2733.6,1.08,0.54,COMPARABLE_COMMERCIAL
2025,2025-08,PEAK,31-60,HB,Mezza Pensione,311,8,7,2342.03,2.57,2.25,COMPARABLE_COMMERCIAL
2025,2025-08,PEAK,31-60,OB,Only Bed,40,1,1,2226.78,2.5,2.5,COMPARABLE_COMMERCIAL
2025,2025-08,PEAK,61-90,BB,Bed & Breakfast,71,2,2,2208.34,2.82,2.82,COMPARABLE_COMMERCIAL
2025,2025-08,PEAK,61-90,FB,Pensione Completa,400,5,2,2936.67,1.25,0.5,COMPARABLE_COMMERCIAL
2025,2025-08,PEAK,61-90,HB,Mezza Pensione,292,11,7,2614.7,3.77,2.4,COMPARABLE_COMMERCIAL
2025,2025-08,PEAK,61-90,OB,Only Bed,48,0,0,2427.89,0.0,0.0,COMPARABLE_COMMERCIAL
2025,2025-08,PEAK,91-180,BB,Bed & Breakfast,160,2,0,2256.7,1.25,0.0,COMPARABLE_COMMERCIAL
2025,2025-08,PEAK,91-180,FB,Pensione Completa,781,7,3,3147.17,0.9,0.38,COMPARABLE_COMMERCIAL
2025,2025-08,PEAK,91-180,HB,Mezza Pensione,548,17,14,2784.08,3.1,2.55,COMPARABLE_COMMERCIAL
2025,2025-08,PEAK,91-180,OB,Only Bed,103,1,1,2495.11,0.97,0.97,COMPARABLE_COMMERCIAL
2025,2025-08,PEAK,181+,BB,Bed & Breakfast,1,0,0,4746.0,0.0,0.0,COMPARABLE_COMMERCIAL
2025,2025-08,PEAK,181+,FB,Pensione Completa,52,1,1,2821.08,1.92,1.92,COMPARABLE_COMMERCIAL
2025,2025-08,PEAK,181+,HB,Mezza Pensione,32,0,0,3809.55,0.0,0.0,COMPARABLE_COMMERCIAL
2025,2025-09,SHOULDER,0-7,BB,Bed & Breakfast,21,9,2,361.87,42.86,9.52,COMPARABLE_COMMERCIAL
2025,2025-09,SHOULDER,0-7,FB,Pensione Completa,35,7,4,818.91,20.0,11.43,COMPARABLE_COMMERCIAL
2025,2025-09,SHOULDER,0-7,HB,Mezza Pensione,65,20,19,677.69,30.77,29.23,COMPARABLE_COMMERCIAL
2025,2025-09,SHOULDER,0-7,OB,Only Bed,2,0,0,403.0,0.0,0.0,COMPARABLE_COMMERCIAL
2025,2025-09,SHOULDER,8-14,BB,Bed & Breakfast,28,7,3,481.28,25.0,10.71,COMPARABLE_COMMERCIAL
2025,2025-09,SHOULDER,8-14,FB,Pensione Completa,35,3,2,1057.15,8.57,5.71,COMPARABLE_COMMERCIAL
2025,2025-09,SHOULDER,8-14,HB,Mezza Pensione,71,7,7,824.96,9.86,9.86,COMPARABLE_COMMERCIAL
2025,2025-09,SHOULDER,15-30,BB,Bed & Breakfast,30,1,1,532.25,3.33,3.33,COMPARABLE_COMMERCIAL
2025,2025-09,SHOULDER,15-30,FB,Pensione Completa,51,0,0,1236.07,0.0,0.0,COMPARABLE_COMMERCIAL
2025,2025-09,SHOULDER,15-30,HB,Mezza Pensione,66,3,3,764.58,4.55,4.55,COMPARABLE_COMMERCIAL
2025,2025-09,SHOULDER,15-30,OB,Only Bed,4,0,0,817.75,0.0,0.0,COMPARABLE_COMMERCIAL
2025,2025-09,SHOULDER,31-60,BB,Bed & Breakfast,25,4,2,538.99,16.0,8.0,COMPARABLE_COMMERCIAL
2025,2025-09,SHOULDER,31-60,FB,Pensione Completa,77,4,3,1515.35,5.19,3.9,COMPARABLE_COMMERCIAL
2025,2025-09,SHOULDER,31-60,HB,Mezza Pensione,66,3,2,1168.95,4.55,3.03,COMPARABLE_COMMERCIAL
2025,2025-09,SHOULDER,31-60,OB,Only Bed,2,0,0,897.5,0.0,0.0,COMPARABLE_COMMERCIAL
2025,2025-09,SHOULDER,61-90,BB,Bed & Breakfast,10,0,0,848.68,0.0,0.0,COMPARABLE_COMMERCIAL
2025,2025-09,SHOULDER,61-90,FB,Pensione Completa,45,3,1,1713.23,6.67,2.22,COMPARABLE_COMMERCIAL
2025,2025-09,SHOULDER,61-90,HB,Mezza Pensione,37,3,3,1155.13,8.11,8.11,COMPARABLE_COMMERCIAL
2025,2025-09,SHOULDER,91-180,BB,Bed & Breakfast,12,0,0,1065.03,0.0,0.0,COMPARABLE_COMMERCIAL
2025,2025-09,SHOULDER,91-180,FB,Pensione Completa,65,1,1,1889.16,1.54,1.54,COMPARABLE_COMMERCIAL
2025,2025-09,SHOULDER,91-180,HB,Mezza Pensione,43,0,0,1448.64,0.0,0.0,COMPARABLE_COMMERCIAL
2025,2025-09,SHOULDER,91-180,OB,Only Bed,4,0,0,1470.25,0.0,0.0,COMPARABLE_COMMERCIAL
2025,2025-09,SHOULDER,181+,HB,Mezza Pensione,1,0,0,1990.0,0.0,0.0,COMPARABLE_COMMERCIAL
2026,2026-05,LOW,0-7,FB,Pensione Completa,21,2,0,424.21,9.52,0.0,COMPARABLE_COMMERCIAL
2026,2026-05,LOW,0-7,HB,Mezza Pensione,24,3,3,324.84,12.5,12.5,COMPARABLE_COMMERCIAL
2026,2026-05,LOW,8-14,FB,Pensione Completa,8,1,1,583.65,12.5,12.5,COMPARABLE_COMMERCIAL
2026,2026-05,LOW,8-14,HB,Mezza Pensione,7,1,1,419.17,14.29,14.29,COMPARABLE_COMMERCIAL
2026,2026-05,LOW,15-30,FB,Pensione Completa,10,0,0,724.99,0.0,0.0,COMPARABLE_COMMERCIAL
2026,2026-05,LOW,15-30,HB,Mezza Pensione,19,1,1,366.44,5.26,5.26,COMPARABLE_COMMERCIAL
2026,2026-05,LOW,31-60,FB,Pensione Completa,13,1,1,708.96,7.69,7.69,COMPARABLE_COMMERCIAL
2026,2026-05,LOW,31-60,HB,Mezza Pensione,15,0,0,501.5,0.0,0.0,COMPARABLE_COMMERCIAL
2026,2026-05,LOW,61-90,FB,Pensione Completa,5,0,0,1871.3,0.0,0.0,COMPARABLE_COMMERCIAL
2026,2026-05,LOW,61-90,HB,Mezza Pensione,6,0,0,621.51,0.0,0.0,COMPARABLE_COMMERCIAL
2026,2026-05,LOW,91-180,FB,Pensione Completa,17,0,0,1248.56,0.0,0.0,COMPARABLE_COMMERCIAL
2026,2026-05,LOW,91-180,HB,Mezza Pensione,10,2,2,819.18,20.0,20.0,COMPARABLE_COMMERCIAL
2026,2026-05,LOW,181+,FB,Pensione Completa,3,0,0,1237.93,0.0,0.0,COMPARABLE_COMMERCIAL
2026,2026-06,SHOULDER,0-7,FB,Pensione Completa,54,4,1,1169.05,7.41,1.85,COMPARABLE_COMMERCIAL
2026,2026-06,SHOULDER,0-7,HB,Mezza Pensione,54,6,6,676.21,11.11,11.11,COMPARABLE_COMMERCIAL
2026,2026-06,SHOULDER,8-14,FB,Pensione Completa,49,0,0,1291.5,0.0,0.0,COMPARABLE_COMMERCIAL
2026,2026-06,SHOULDER,8-14,HB,Mezza Pensione,44,4,4,765.89,9.09,9.09,COMPARABLE_COMMERCIAL
2026,2026-06,SHOULDER,15-30,FB,Pensione Completa,119,6,3,1513.8,5.04,2.52,COMPARABLE_COMMERCIAL
2026,2026-06,SHOULDER,15-30,HB,Mezza Pensione,104,7,7,940.3,6.73,6.73,COMPARABLE_COMMERCIAL
2026,2026-06,SHOULDER,31-60,FB,Pensione Completa,167,4,3,1649.74,2.4,1.8,COMPARABLE_COMMERCIAL
2026,2026-06,SHOULDER,31-60,HB,Mezza Pensione,123,9,8,1064.64,7.32,6.5,COMPARABLE_COMMERCIAL
2026,2026-06,SHOULDER,61-90,FB,Pensione Completa,173,2,0,1920.36,1.16,0.0,COMPARABLE_COMMERCIAL
2026,2026-06,SHOULDER,61-90,HB,Mezza Pensione,137,7,7,1444.61,5.11,5.11,COMPARABLE_COMMERCIAL
2026,2026-06,SHOULDER,91-180,FB,Pensione Completa,299,3,1,2291.91,1.0,0.33,COMPARABLE_COMMERCIAL
2026,2026-06,SHOULDER,91-180,HB,Mezza Pensione,194,6,6,1777.96,3.09,3.09,COMPARABLE_COMMERCIAL
2026,2026-06,SHOULDER,181+,FB,Pensione Completa,37,1,0,2306.28,2.7,0.0,COMPARABLE_COMMERCIAL
2026,2026-06,SHOULDER,181+,HB,Mezza Pensione,23,1,1,1809.49,4.35,4.35,COMPARABLE_COMMERCIAL
2026,2026-07,PEAK,0-7,FB,Pensione Completa,101,1,1,2127.07,0.99,0.99,COMPARABLE_COMMERCIAL
2026,2026-07,PEAK,0-7,HB,Mezza Pensione,65,2,2,1404.81,3.08,3.08,COMPARABLE_COMMERCIAL
2026,2026-07,PEAK,8-14,FB,Pensione Completa,121,3,0,2572.28,2.48,0.0,COMPARABLE_COMMERCIAL
2026,2026-07,PEAK,8-14,HB,Mezza Pensione,93,3,3,1851.96,3.23,3.23,COMPARABLE_COMMERCIAL
2026,2026-07,PEAK,15-30,FB,Pensione Completa,265,0,0,2719.66,0.0,0.0,COMPARABLE_COMMERCIAL
2026,2026-07,PEAK,15-30,HB,Mezza Pensione,245,3,3,2089.58,1.22,1.22,COMPARABLE_COMMERCIAL
2026,2026-07,PEAK,31-60,FB,Pensione Completa,398,1,1,2766.6,0.25,0.25,COMPARABLE_COMMERCIAL
2026,2026-07,PEAK,31-60,HB,Mezza Pensione,269,4,4,2277.83,1.49,1.49,COMPARABLE_COMMERCIAL
2026,2026-07,PEAK,61-90,FB,Pensione Completa,311,4,2,2673.74,1.29,0.64,COMPARABLE_COMMERCIAL
2026,2026-07,PEAK,61-90,HB,Mezza Pensione,229,10,10,2207.72,4.37,4.37,COMPARABLE_COMMERCIAL
2026,2026-07,PEAK,91-180,FB,Pensione Completa,760,13,8,3089.58,1.71,1.05,COMPARABLE_COMMERCIAL
2026,2026-07,PEAK,91-180,HB,Mezza Pensione,488,18,18,2524.73,3.69,3.69,COMPARABLE_COMMERCIAL
2026,2026-07,PEAK,181+,FB,Pensione Completa,102,2,0,3220.42,1.96,0.0,COMPARABLE_COMMERCIAL
2026,2026-07,PEAK,181+,HB,Mezza Pensione,49,4,4,2756.82,8.16,8.16,COMPARABLE_COMMERCIAL
