source_action_id,decision_date,stay_year,stay_month_num,room_name,treatment,action_type,trajectory_step,price_change_this_step_pct,cumulative_price_change_pct,retrospective_target_change_pct,lead_days_to_stay_month,requests_to_date,historical_requests_same_lead,request_pace_index,conversion_to_date_pct,historical_conversion_same_lead_pct,conversion_delta_pp,occupancy_on_books_pct,historical_occupancy_same_lead_pct,timing_score,timing_confidence,economic_value_eur_final_target,decision_reason
2,2026-02-22,2026,5,Camera  Standard,,PRICE_DOWN,1,-5.0,-5.0,-25.0,68,16,2.0,,0.0,0.0,0.0,0.0,0.46,0.186,MEDIUM,4489.31,Progressive PRICE_DOWN move: evidence supports the target direction with 68 days to stay month. Move -5% now; cumulative -5% toward retrospective target -25%.
2,2026-03-08,2026,5,Camera  Standard,,PRICE_DOWN,2,-10.0,-15.0,-25.0,54,18,3.0,,0.0,0.0,0.0,0.0,0.46,0.18,MEDIUM,4489.31,Progressive PRICE_DOWN move: evidence supports the target direction with 54 days to stay month. Move -10% now; cumulative -15% toward retrospective target -25%.
2,2026-03-22,2026,5,Camera  Standard,,PRICE_DOWN,3,-10.0,-25.0,-25.0,40,19,3.5,,0.0,0.0,0.0,0.0,0.46,0.174,MEDIUM,4489.31,Progressive PRICE_DOWN move: evidence supports the target direction with 40 days to stay month. Move -10% now; cumulative -25% toward retrospective target -25%.
11,2026-01-28,2026,6,Appartamento Area Giardino,,PRICE_DOWN,1,-5.0,-5.0,-25.0,124,20,23.0,0.87,10.0,11.11,-1.11,17.5,7.44,0.268,MEDIUM,20969.76,Progressive PRICE_DOWN move: evidence supports the target direction with 124 days to stay month. Move -5% now; cumulative -5% toward retrospective target -25%.
11,2026-02-11,2026,6,Appartamento Area Giardino,,PRICE_DOWN,2,-10.0,-15.0,-25.0,110,23,34.0,0.676,8.7,8.82,-0.13,17.5,11.49,0.521,MEDIUM,20969.76,Progressive PRICE_DOWN move: evidence supports the target direction with 110 days to stay month. Move -10% now; cumulative -15% toward retrospective target -25%.
11,2026-02-25,2026,6,Appartamento Area Giardino,,PRICE_DOWN,3,-10.0,-25.0,-25.0,96,27,46.0,0.587,7.41,7.97,-0.56,17.5,14.82,0.569,MEDIUM,20969.76,Progressive PRICE_DOWN move: evidence supports the target direction with 96 days to stay month. Move -10% now; cumulative -25% toward retrospective target -25%.
13,2025-12-31,2026,6,Appartamento Area Piscina,,PRICE_DOWN,1,-5.0,-5.0,-20.0,152,15,4.0,,0.0,7.14,-7.14,3.89,1.48,0.334,MEDIUM,5236.75,Progressive PRICE_DOWN move: evidence supports the target direction with 152 days to stay month. Move -5% now; cumulative -5% toward retrospective target -20%.
13,2026-01-14,2026,6,Appartamento Area Piscina,,PRICE_DOWN,2,-5.0,-10.0,-20.0,138,30,5.0,,0.0,12.5,-12.5,3.89,2.78,0.447,MEDIUM,5236.75,Progressive PRICE_DOWN move: evidence supports the target direction with 138 days to stay month. Move -5% now; cumulative -10% toward retrospective target -20%.
13,2026-01-28,2026,6,Appartamento Area Piscina,,PRICE_DOWN,3,-5.0,-15.0,-20.0,124,53,7.5,,0.0,11.11,-11.11,5.19,2.78,0.404,MEDIUM,5236.75,Progressive PRICE_DOWN move: evidence supports the target direction with 124 days to stay month. Move -5% now; cumulative -15% toward retrospective target -20%.
14,2025-12-31,2026,6,Camera Deluxe,,PRICE_DOWN,1,-5.0,-5.0,-25.0,152,14,6.5,,0.0,8.33,-8.33,0.0,18.67,0.591,MEDIUM,4997.39,Progressive PRICE_DOWN move: evidence supports the target direction with 152 days to stay month. Move -5% now; cumulative -5% toward retrospective target -25%.
14,2026-01-14,2026,6,Camera Deluxe,,PRICE_DOWN,2,-5.0,-10.0,-25.0,138,29,10.5,2.762,0.0,8.82,-8.82,0.0,27.33,0.195,MEDIUM,4997.39,Progressive PRICE_DOWN move: evidence supports the target direction with 138 days to stay month. Move -5% now; cumulative -10% toward retrospective target -25%.
14,2026-01-28,2026,6,Camera Deluxe,,PRICE_DOWN,3,-5.0,-15.0,-25.0,124,45,15.0,3.0,0.0,13.66,-13.66,0.0,32.33,0.255,MEDIUM,4997.39,Progressive PRICE_DOWN move: evidence supports the target direction with 124 days to stay month. Move -5% now; cumulative -15% toward retrospective target -25%.
14,2026-02-11,2026,6,Camera Deluxe,,PRICE_DOWN,4,-5.0,-20.0,-25.0,110,60,23.0,2.609,0.0,10.43,-10.43,0.0,41.67,0.216,MEDIUM,4997.39,Progressive PRICE_DOWN move: evidence supports the target direction with 110 days to stay month. Move -5% now; cumulative -20% toward retrospective target -25%.
14,2026-02-25,2026,6,Camera Deluxe,,PRICE_DOWN,5,-5.0,-25.0,-25.0,96,99,29.5,3.356,0.0,10.1,-10.1,0.0,44.0,0.203,MEDIUM,4997.39,Progressive PRICE_DOWN move: evidence supports the target direction with 96 days to stay month. Move -5% now; cumulative -25% toward retrospective target -25%.
15,2025-12-24,2026,6,Camera Superior,,PRICE_UP,1,5.0,5.0,10.0,159,16,8.0,2.0,7.14,3.57,3.57,6.67,3.54,0.437,MEDIUM,2822.45,Progressive PRICE_UP move: evidence supports the target direction with 159 days to stay month. Move +5% now; cumulative +5% toward retrospective target +10%.
15,2026-05-13,2026,6,Camera Superior,,PRICE_UP,2,5.0,10.0,10.0,19,279,183.0,1.525,3.76,4.77,-1.01,59.17,57.29,0.43,MEDIUM,2822.45,Progressive PRICE_UP move: evidence supports the target direction with 19 days to stay month. Move +5% now; cumulative +10% toward retrospective target +10%.
21,2025-12-17,2026,6,Camera  Standard,,PRICE_DOWN,1,-5.0,-5.0,-5.0,166,15,15.5,0.968,0.0,0.0,0.0,0.0,1.67,0.289,MEDIUM,251.8,Progressive PRICE_DOWN move: evidence supports the target direction with 166 days to stay month. Move -5% now; cumulative -5% toward retrospective target -5%.
24,2026-02-13,2026,7,Appartamento Area Piscina,Mezza Pensione,PACKAGE_PRICE_UP,1,5.0,5.0,10.0,138,50,9.5,5.263,4.0,4.17,-0.17,16.31,3.41,0.48,MEDIUM,10278.866000000002,Progressive PACKAGE_PRICE_UP move: evidence supports the target direction with 138 days to stay month. Move +5% now; cumulative +5% toward retrospective target +10%.
24,2026-02-27,2026,7,Appartamento Area Piscina,Mezza Pensione,PACKAGE_PRICE_UP,2,5.0,10.0,10.0,124,92,14.0,6.571,2.25,2.63,-0.38,18.82,4.03,0.494,MEDIUM,10278.866000000002,Progressive PACKAGE_PRICE_UP move: evidence supports the target direction with 124 days to stay month. Move +5% now; cumulative +10% toward retrospective target +10%.
25,2026-04-03,2026,7,Appartamento Area Giardino,Mezza Pensione,PACKAGE_PRICE_UP,1,10.0,10.0,10.0,89,65,57.0,1.14,4.84,0.72,4.11,60.6,42.86,0.536,MEDIUM,8868.982,Progressive PACKAGE_PRICE_UP move: evidence supports the target direction with 89 days to stay month. Move +10% now; cumulative +10% toward retrospective target +10%.
26,2026-02-27,2026,7,Camera Superior,Mezza Pensione,PACKAGE_PRICE_UP,1,5.0,5.0,10.0,124,64,19.0,3.368,6.35,2.0,4.35,16.94,10.08,0.487,MEDIUM,6397.431,Progressive PACKAGE_PRICE_UP move: evidence supports the target direction with 124 days to stay month. Move +5% now; cumulative +5% toward retrospective target +10%.
26,2026-04-24,2026,7,Camera Superior,Mezza Pensione,PACKAGE_PRICE_UP,2,5.0,10.0,10.0,68,162,75.5,2.146,5.84,2.04,3.8,43.55,44.96,0.442,MEDIUM,6397.431,Progressive PACKAGE_PRICE_UP move: evidence supports the target direction with 68 days to stay month. Move +5% now; cumulative +10% toward retrospective target +10%.
27,2026-04-17,2026,7,Camera  Standard,Mezza Pensione,PACKAGE_PRICE_UP,1,10.0,10.0,10.0,75,138,62.0,2.226,3.79,1.8,1.99,34.79,23.85,0.534,MEDIUM,6277.462,Progressive PACKAGE_PRICE_UP move: evidence supports the target direction with 75 days to stay month. Move +10% now; cumulative +10% toward retrospective target +10%.
29,2026-04-17,2026,7,Camera  Standard,,PRICE_UP,1,5.0,5.0,5.0,75,292,142.5,2.049,2.17,2.48,-0.31,34.79,23.85,0.486,MEDIUM,2350.39,Progressive PRICE_UP move: evidence supports the target direction with 75 days to stay month. Move +5% now; cumulative +5% toward retrospective target +5%.
30,2026-05-15,2026,7,Villino Double,,PRICE_UP,1,10.0,10.0,25.0,47,47,2.0,,4.44,0.0,4.44,74.19,11.29,0.396,MEDIUM,1098.23,Progressive PRICE_UP move: evidence supports the target direction with 47 days to stay month. Move +10% now; cumulative +10% toward retrospective target +25%.
30,2026-05-29,2026,7,Villino Double,,PRICE_UP,2,10.0,20.0,25.0,33,49,4.0,,4.26,0.0,4.26,74.19,24.19,0.386,MEDIUM,1098.23,Progressive PRICE_UP move: evidence supports the target direction with 33 days to stay month. Move +10% now; cumulative +20% toward retrospective target +25%.
30,2026-06-12,2026,7,Villino Double,,PRICE_UP,3,5.0,25.0,25.0,19,50,10.0,5.0,4.17,0.0,4.17,74.19,24.19,0.778,HIGH,1098.23,Progressive PRICE_UP move: evidence supports the target direction with 19 days to stay month. Move +5% now; cumulative +25% toward retrospective target +25%.
32,2026-05-15,2026,7,Villino 2Ten,,PRICE_DOWN,1,-10.0,-10.0,-25.0,47,18,4.0,,5.88,7.14,-1.26,32.26,32.26,0.145,MEDIUM,656.25,Progressive PRICE_DOWN move: evidence supports the target direction with 47 days to stay month. Move -10% now; cumulative -10% toward retrospective target -25%.
32,2026-06-05,2026,7,Villino 2Ten,,PRICE_DOWN,2,-10.0,-20.0,-25.0,26,43,6.5,,2.5,4.17,-1.67,32.26,32.26,0.144,MEDIUM,656.25,Progressive PRICE_DOWN move: evidence supports the target direction with 26 days to stay month. Move -10% now; cumulative -20% toward retrospective target -25%.
33,2026-01-23,2026,7,Suite Familiare Vista Piscina,,PRICE_DOWN,1,-5.0,-5.0,-15.0,159,21,0.5,,0.0,0.0,0.0,0.0,0.0,0.221,MEDIUM,247.19,Progressive PRICE_DOWN move: evidence supports the target direction with 159 days to stay month. Move -5% now; cumulative -5% toward retrospective target -15%.
33,2026-02-06,2026,7,Suite Familiare Vista Piscina,,PRICE_DOWN,2,-5.0,-10.0,-15.0,145,36,1.0,,0.0,0.0,0.0,0.0,0.0,0.214,MEDIUM,247.19,Progressive PRICE_DOWN move: evidence supports the target direction with 145 days to stay month. Move -5% now; cumulative -10% toward retrospective target -15%.
33,2026-02-20,2026,7,Suite Familiare Vista Piscina,,PRICE_DOWN,3,-5.0,-15.0,-15.0,131,59,1.0,,0.0,0.0,0.0,0.0,0.0,0.208,MEDIUM,247.19,Progressive PRICE_DOWN move: evidence supports the target direction with 131 days to stay month. Move -5% now; cumulative -15% toward retrospective target -15%.
35,2026-01-23,2026,7,Suite Familiare,,PRICE_DOWN,1,-5.0,-5.0,-25.0,159,12,0.5,,0.0,0.0,0.0,0.0,0.0,0.221,MEDIUM,93.75,Progressive PRICE_DOWN move: evidence supports the target direction with 159 days to stay month. Move -5% now; cumulative -5% toward retrospective target -25%.
35,2026-02-06,2026,7,Suite Familiare,,PRICE_DOWN,2,-5.0,-10.0,-25.0,145,17,1.0,,0.0,0.0,0.0,0.0,0.0,0.214,MEDIUM,93.75,Progressive PRICE_DOWN move: evidence supports the target direction with 145 days to stay month. Move -5% now; cumulative -10% toward retrospective target -25%.
35,2026-02-20,2026,7,Suite Familiare,,PRICE_DOWN,3,-5.0,-15.0,-25.0,131,25,1.0,,0.0,0.0,0.0,0.0,0.0,0.208,MEDIUM,93.75,Progressive PRICE_DOWN move: evidence supports the target direction with 131 days to stay month. Move -5% now; cumulative -15% toward retrospective target -25%.
35,2026-03-06,2026,7,Suite Familiare,,PRICE_DOWN,4,-5.0,-20.0,-25.0,117,31,1.0,,0.0,0.0,0.0,0.0,0.0,0.202,MEDIUM,93.75,Progressive PRICE_DOWN move: evidence supports the target direction with 117 days to stay month. Move -5% now; cumulative -20% toward retrospective target -25%.
35,2026-03-20,2026,7,Suite Familiare,,PRICE_DOWN,5,-5.0,-25.0,-25.0,103,40,1.0,,0.0,0.0,0.0,0.0,0.0,0.196,MEDIUM,93.75,Progressive PRICE_DOWN move: evidence supports the target direction with 103 days to stay month. Move -5% now; cumulative -25% toward retrospective target -25%.
44,2024-12-03,2025,6,Appartamento Area Giardino,,PRICE_DOWN,1,-5.0,-5.0,-25.0,180,0,11.0,0.0,,36.36,,3.45,4.64,0.646,MEDIUM,18969.28,Progressive PRICE_DOWN move: evidence supports the target direction with 180 days to stay month. Move -5% now; cumulative -5% toward retrospective target -25%.
44,2024-12-17,2025,6,Appartamento Area Giardino,,PRICE_DOWN,2,-5.0,-10.0,-25.0,166,0,15.0,0.0,,26.67,,4.29,4.64,0.629,MEDIUM,18969.28,Progressive PRICE_DOWN move: evidence supports the target direction with 166 days to stay month. Move -5% now; cumulative -10% toward retrospective target -25%.
44,2024-12-31,2025,6,Appartamento Area Giardino,,PRICE_DOWN,3,-5.0,-15.0,-25.0,152,1,16.0,0.062,0.0,25.0,-25.0,4.29,4.64,0.872,HIGH,18969.28,Progressive PRICE_DOWN move: evidence supports the target direction with 152 days to stay month. Move -5% now; cumulative -15% toward retrospective target -25%.
44,2025-01-14,2025,6,Appartamento Area Giardino,,PRICE_DOWN,4,-5.0,-20.0,-25.0,138,6,27.0,0.222,0.0,22.22,-22.22,4.29,7.86,0.909,HIGH,18969.28,Progressive PRICE_DOWN move: evidence supports the target direction with 138 days to stay month. Move -5% now; cumulative -20% toward retrospective target -25%.
44,2025-01-28,2025,6,Appartamento Area Giardino,,PRICE_DOWN,5,-5.0,-25.0,-25.0,124,10,36.0,0.278,0.0,22.22,-22.22,4.29,10.6,0.939,HIGH,18969.28,Progressive PRICE_DOWN move: evidence supports the target direction with 124 days to stay month. Move -5% now; cumulative -25% toward retrospective target -25%.
45,2025-01-07,2025,6,Appartamento Area Piscina,,PRICE_DOWN,1,-5.0,-5.0,-20.0,145,1,8.0,0.125,0.0,25.0,-25.0,1.48,2.78,0.882,HIGH,5654.42,Progressive PRICE_DOWN move: evidence supports the target direction with 145 days to stay month. Move -5% now; cumulative -5% toward retrospective target -20%.
45,2025-01-21,2025,6,Appartamento Area Piscina,,PRICE_DOWN,2,-5.0,-10.0,-20.0,131,4,8.0,0.5,0.0,25.0,-25.0,1.48,4.07,0.893,HIGH,5654.42,Progressive PRICE_DOWN move: evidence supports the target direction with 131 days to stay month. Move -5% now; cumulative -10% toward retrospective target -20%.
45,2025-02-04,2025,6,Appartamento Area Piscina,,PRICE_DOWN,3,-10.0,-20.0,-20.0,117,6,11.0,0.545,0.0,27.27,-27.27,1.48,5.37,0.904,HIGH,5654.42,Progressive PRICE_DOWN move: evidence supports the target direction with 117 days to stay month. Move -10% now; cumulative -20% toward retrospective target -20%.
48,2024-12-31,2025,6,Camera Deluxe,,PRICE_DOWN,1,-5.0,-5.0,-5.0,152,1,12.0,0.083,0.0,16.67,-16.67,28.0,9.33,0.633,MEDIUM,2346.0,Progressive PRICE_DOWN move: evidence supports the target direction with 152 days to stay month. Move -5% now; cumulative -5% toward retrospective target -5%.
59,2024-12-03,2025,6,Camera  Standard,,PRICE_DOWN,1,-5.0,-5.0,-5.0,180,1,21.0,0.048,0.0,0.0,0.0,1.67,1.67,0.63,MEDIUM,224.05,Progressive PRICE_DOWN move: evidence supports the target direction with 180 days to stay month. Move -5% now; cumulative -5% toward retrospective target -5%.
62,2025-06-12,2025,7,Appartamento Area Giardino,Mezza Pensione,PACKAGE_PRICE_UP,1,10.0,10.0,10.0,19,105,85.0,1.235,3.81,1.19,2.62,68.78,95.16,0.236,MEDIUM,6576.425,Progressive PACKAGE_PRICE_UP move: evidence supports the target direction with 19 days to stay month. Move +10% now; cumulative +10% toward retrospective target +10%.
65,2025-05-22,2025,7,Villino 2Ten,,PRICE_DOWN,1,-10.0,-10.0,-25.0,40,1,10.0,0.1,0.0,10.0,-10.0,45.16,19.35,0.468,MEDIUM,903.13,Progressive PRICE_DOWN move: evidence supports the target direction with 40 days to stay month. Move -10% now; cumulative -10% toward retrospective target -25%.
65,2025-06-05,2025,7,Villino 2Ten,,PRICE_DOWN,2,-10.0,-20.0,-25.0,26,1,12.0,0.083,0.0,8.33,-8.33,45.16,19.35,0.427,MEDIUM,903.13,Progressive PRICE_DOWN move: evidence supports the target direction with 26 days to stay month. Move -10% now; cumulative -20% toward retrospective target -25%.
69,2025-05-15,2025,7,Camera Deluxe,,PRICE_UP,1,5.0,5.0,5.0,47,366,119.0,3.076,0.86,3.42,-2.55,71.61,56.13,0.639,MEDIUM,660.26,Progressive PRICE_UP move: evidence supports the target direction with 47 days to stay month. Move +5% now; cumulative +5% toward retrospective target +5%.
74,2025-04-10,2025,7,Suite Familiare Vista Piscina,,PRICE_DOWN,1,-10.0,-10.0,-15.0,82,20,5.0,,0.0,20.0,-20.0,0.0,22.58,0.636,MEDIUM,102.99,Progressive PRICE_DOWN move: evidence supports the target direction with 82 days to stay month. Move -10% now; cumulative -10% toward retrospective target -15%.
74,2025-04-24,2025,7,Suite Familiare Vista Piscina,,PRICE_DOWN,2,-5.0,-15.0,-15.0,68,49,5.0,,0.0,20.0,-20.0,0.0,22.58,0.63,MEDIUM,102.99,Progressive PRICE_DOWN move: evidence supports the target direction with 68 days to stay month. Move -5% now; cumulative -15% toward retrospective target -15%.
75,2025-06-08,2025,8,Appartamento Area Giardino,,PRICE_UP,1,10.0,10.0,10.0,54,283,213.0,1.329,1.11,4.85,-3.75,73.62,94.82,0.226,MEDIUM,10871.93,Progressive PRICE_UP move: evidence supports the target direction with 54 days to stay month. Move +10% now; cumulative +10% toward retrospective target +10%.
76,2025-04-06,2025,8,Camera  Standard,,PRICE_UP,1,10.0,10.0,10.0,117,171,124.0,1.379,1.81,0.0,1.81,31.34,3.23,0.588,MEDIUM,6463.78,Progressive PRICE_UP move: evidence supports the target direction with 117 days to stay month. Move +10% now; cumulative +10% toward retrospective target +10%.
77,2025-03-23,2025,8,Camera Deluxe,,PRICE_UP,1,5.0,5.0,25.0,131,114,81.0,1.407,0.0,0.0,0.0,10.97,0.0,0.454,MEDIUM,4937.23,Progressive PRICE_UP move: evidence supports the target direction with 131 days to stay month. Move +5% now; cumulative +5% toward retrospective target +25%.
77,2025-04-20,2025,8,Camera Deluxe,,PRICE_UP,2,5.0,10.0,25.0,103,360,105.0,3.429,0.29,2.94,-2.65,26.45,13.55,0.44,MEDIUM,4937.23,Progressive PRICE_UP move: evidence supports the target direction with 103 days to stay month. Move +5% now; cumulative +10% toward retrospective target +25%.
77,2025-06-08,2025,8,Camera Deluxe,,PRICE_UP,3,10.0,20.0,25.0,54,542,193.0,2.808,0.58,2.67,-2.09,43.87,27.1,0.533,MEDIUM,4937.23,Progressive PRICE_UP move: evidence supports the target direction with 54 days to stay month. Move +10% now; cumulative +20% toward retrospective target +25%.
77,2025-06-22,2025,8,Camera Deluxe,,PRICE_UP,4,5.0,25.0,25.0,40,569,227.0,2.507,0.55,2.27,-1.72,46.45,27.1,0.545,MEDIUM,4937.23,Progressive PRICE_UP move: evidence supports the target direction with 40 days to stay month. Move +5% now; cumulative +25% toward retrospective target +25%.
82,2025-05-11,2025,8,Suite Familiare Vista Piscina,,PRICE_UP,1,10.0,10.0,10.0,82,10,2.0,,10.0,0.0,10.0,70.97,0.0,0.513,MEDIUM,838.32,Progressive PRICE_UP move: evidence supports the target direction with 82 days to stay month. Move +10% now; cumulative +10% toward retrospective target +10%.
90,2025-03-05,2025,9,Appartamento Area Giardino,,PRICE_DOWN,1,-5.0,-5.0,-20.0,180,1,12.0,0.083,0.0,0.0,0.0,0.0,0.0,0.63,MEDIUM,1906.17,Progressive PRICE_DOWN move: evidence supports the target direction with 180 days to stay month. Move -5% now; cumulative -5% toward retrospective target -20%.
90,2025-03-19,2025,9,Appartamento Area Giardino,,PRICE_DOWN,2,-5.0,-10.0,-20.0,166,1,12.0,0.083,0.0,0.0,0.0,0.0,1.67,0.646,MEDIUM,1906.17,Progressive PRICE_DOWN move: evidence supports the target direction with 166 days to stay month. Move -5% now; cumulative -10% toward retrospective target -20%.
90,2025-04-02,2025,9,Appartamento Area Giardino,,PRICE_DOWN,3,-5.0,-15.0,-20.0,152,3,14.0,0.214,0.0,0.0,0.0,0.0,4.17,0.673,MEDIUM,1906.17,Progressive PRICE_DOWN move: evidence supports the target direction with 152 days to stay month. Move -5% now; cumulative -15% toward retrospective target -20%.
90,2025-04-16,2025,9,Appartamento Area Giardino,,PRICE_DOWN,4,-5.0,-20.0,-20.0,138,5,17.0,0.294,0.0,0.0,0.0,0.95,5.0,0.665,MEDIUM,1906.17,Progressive PRICE_DOWN move: evidence supports the target direction with 138 days to stay month. Move -5% now; cumulative -20% toward retrospective target -20%.
91,2025-03-12,2025,9,Camera Deluxe,,PRICE_DOWN,1,-5.0,-5.0,-25.0,173,0,8.0,0.0,,0.0,,0.0,0.0,0.627,MEDIUM,1664.22,Progressive PRICE_DOWN move: evidence supports the target direction with 173 days to stay month. Move -5% now; cumulative -5% toward retrospective target -25%.
91,2025-03-26,2025,9,Camera Deluxe,,PRICE_DOWN,2,-5.0,-10.0,-25.0,159,5,8.0,0.625,0.0,0.0,0.0,0.0,0.0,0.621,MEDIUM,1664.22,Progressive PRICE_DOWN move: evidence supports the target direction with 159 days to stay month. Move -5% now; cumulative -10% toward retrospective target -25%.
91,2025-05-14,2025,9,Camera Deluxe,,PRICE_DOWN,3,-5.0,-15.0,-25.0,110,20,21.0,0.952,0.0,0.0,0.0,0.0,4.67,0.325,MEDIUM,1664.22,Progressive PRICE_DOWN move: evidence supports the target direction with 110 days to stay month. Move -5% now; cumulative -15% toward retrospective target -25%.
91,2025-05-28,2025,9,Camera Deluxe,,PRICE_DOWN,4,-10.0,-25.0,-25.0,96,22,51.0,0.431,4.55,1.96,2.58,1.33,9.33,0.645,MEDIUM,1664.22,Progressive PRICE_DOWN move: evidence supports the target direction with 96 days to stay month. Move -10% now; cumulative -25% toward retrospective target -25%.
92,2025-03-26,2025,9,Camera Superior,,PRICE_DOWN,1,-5.0,-5.0,-25.0,159,2,8.0,0.25,0.0,0.0,0.0,2.5,7.08,0.682,HIGH,1520.3,Progressive PRICE_DOWN move: evidence supports the target direction with 159 days to stay month. Move -5% now; cumulative -5% toward retrospective target -25%.
92,2025-04-09,2025,9,Camera Superior,,PRICE_DOWN,2,-5.0,-10.0,-25.0,145,6,8.0,0.75,0.0,0.0,0.0,2.5,15.83,0.726,HIGH,1520.3,Progressive PRICE_DOWN move: evidence supports the target direction with 145 days to stay month. Move -5% now; cumulative -10% toward retrospective target -25%.
92,2025-04-23,2025,9,Camera Superior,,PRICE_DOWN,3,-5.0,-15.0,-25.0,131,8,10.0,0.8,0.0,0.0,0.0,2.5,15.83,0.653,MEDIUM,1520.3,Progressive PRICE_DOWN move: evidence supports the target direction with 131 days to stay month. Move -5% now; cumulative -15% toward retrospective target -25%.
92,2025-05-07,2025,9,Camera Superior,,PRICE_DOWN,4,-10.0,-25.0,-25.0,117,9,15.0,0.6,0.0,0.0,0.0,2.5,15.83,0.78,HIGH,1520.3,Progressive PRICE_DOWN move: evidence supports the target direction with 117 days to stay month. Move -10% now; cumulative -25% toward retrospective target -25%.
93,2025-05-07,2025,9,Appartamento Area Piscina,,PRICE_DOWN,1,-5.0,-5.0,-15.0,117,11,10.0,1.1,0.0,0.0,0.0,0.0,5.56,0.143,MEDIUM,1089.9,Progressive PRICE_DOWN move: evidence supports the target direction with 117 days to stay month. Move -5% now; cumulative -5% toward retrospective target -15%.
93,2025-05-21,2025,9,Appartamento Area Piscina,,PRICE_DOWN,2,-10.0,-15.0,-15.0,103,12,25.0,0.48,0.0,8.33,-8.33,0.0,8.15,0.878,HIGH,1089.9,Progressive PRICE_DOWN move: evidence supports the target direction with 103 days to stay month. Move -10% now; cumulative -15% toward retrospective target -15%.
94,2025-03-05,2025,9,Camera  Standard,,PRICE_DOWN,1,-5.0,-5.0,-15.0,180,0,11.0,0.0,,9.09,,0.0,10.0,0.763,HIGH,894.17,Progressive PRICE_DOWN move: evidence supports the target direction with 180 days to stay month. Move -5% now; cumulative -5% toward retrospective target -15%.
94,2025-03-19,2025,9,Camera  Standard,,PRICE_DOWN,2,-5.0,-10.0,-15.0,166,1,14.0,0.071,0.0,7.14,-7.14,0.0,10.0,0.906,HIGH,894.17,Progressive PRICE_DOWN move: evidence supports the target direction with 166 days to stay month. Move -5% now; cumulative -10% toward retrospective target -15%.
94,2025-04-02,2025,9,Camera  Standard,,PRICE_DOWN,3,-5.0,-15.0,-15.0,152,9,16.0,0.562,0.0,6.25,-6.25,0.0,15.0,0.948,HIGH,894.17,Progressive PRICE_DOWN move: evidence supports the target direction with 152 days to stay month. Move -5% now; cumulative -15% toward retrospective target -15%.
115,2024-05-29,2024,7,Suite Familiare,,PRICE_DOWN,1,-10.0,-10.0,-25.0,33,11,,,0.0,,,0.0,,0.165,MEDIUM,1545.31,Progressive PRICE_DOWN move: evidence supports the target direction with 33 days to stay month. Move -10% now; cumulative -10% toward retrospective target -25%.
115,2024-06-12,2024,7,Suite Familiare,,PRICE_DOWN,2,-10.0,-20.0,-25.0,19,17,,,0.0,,,0.0,,0.158,MEDIUM,1545.31,Progressive PRICE_DOWN move: evidence supports the target direction with 19 days to stay month. Move -10% now; cumulative -20% toward retrospective target -25%.
120,2024-05-22,2024,7,Villino 2Ten,,PRICE_DOWN,1,-10.0,-10.0,-25.0,40,10,,,10.0,,,19.35,,0.168,MEDIUM,460.31,Progressive PRICE_DOWN move: evidence supports the target direction with 40 days to stay month. Move -10% now; cumulative -10% toward retrospective target -25%.
120,2024-06-05,2024,7,Villino 2Ten,,PRICE_DOWN,2,-10.0,-20.0,-25.0,26,12,,,8.33,,,19.35,,0.162,MEDIUM,460.31,Progressive PRICE_DOWN move: evidence supports the target direction with 26 days to stay month. Move -10% now; cumulative -20% toward retrospective target -25%.
130,2024-03-05,2024,9,Appartamento Area Giardino,,PRICE_DOWN,1,-5.0,-5.0,-20.0,180,12,,,0.0,,,0.0,,0.23,MEDIUM,2571.81,Progressive PRICE_DOWN move: evidence supports the target direction with 180 days to stay month. Move -5% now; cumulative -5% toward retrospective target -20%.
130,2024-03-19,2024,9,Appartamento Area Giardino,,PRICE_DOWN,2,-5.0,-10.0,-20.0,166,12,,,0.0,,,1.67,,0.224,MEDIUM,2571.81,Progressive PRICE_DOWN move: evidence supports the target direction with 166 days to stay month. Move -5% now; cumulative -10% toward retrospective target -20%.
130,2024-04-02,2024,9,Appartamento Area Giardino,,PRICE_DOWN,3,-5.0,-15.0,-20.0,152,14,,,0.0,,,4.17,,0.218,MEDIUM,2571.81,Progressive PRICE_DOWN move: evidence supports the target direction with 152 days to stay month. Move -5% now; cumulative -15% toward retrospective target -20%.
130,2024-04-16,2024,9,Appartamento Area Giardino,,PRICE_DOWN,4,-5.0,-20.0,-20.0,138,17,,,0.0,,,5.0,,0.211,MEDIUM,2571.81,Progressive PRICE_DOWN move: evidence supports the target direction with 138 days to stay month. Move -5% now; cumulative -20% toward retrospective target -20%.
131,2024-05-07,2024,9,Camera Deluxe,,PRICE_DOWN,1,-5.0,-5.0,-25.0,117,12,,,0.0,,,4.67,,0.202,MEDIUM,2055.55,Progressive PRICE_DOWN move: evidence supports the target direction with 117 days to stay month. Move -5% now; cumulative -5% toward retrospective target -25%.
131,2024-05-21,2024,9,Camera Deluxe,,PRICE_DOWN,2,-5.0,-10.0,-25.0,103,34,,,2.94,,,9.33,,0.196,MEDIUM,2055.55,Progressive PRICE_DOWN move: evidence supports the target direction with 103 days to stay month. Move -5% now; cumulative -10% toward retrospective target -25%.
131,2024-06-04,2024,9,Camera Deluxe,,PRICE_DOWN,3,-5.0,-15.0,-25.0,89,56,,,1.79,,,9.33,,0.19,MEDIUM,2055.55,Progressive PRICE_DOWN move: evidence supports the target direction with 89 days to stay month. Move -5% now; cumulative -15% toward retrospective target -25%.
131,2024-06-18,2024,9,Camera Deluxe,,PRICE_DOWN,4,-5.0,-20.0,-25.0,75,68,,,1.49,,,9.33,,0.183,MEDIUM,2055.55,Progressive PRICE_DOWN move: evidence supports the target direction with 75 days to stay month. Move -5% now; cumulative -20% toward retrospective target -25%.
131,2024-07-02,2024,9,Camera Deluxe,,PRICE_DOWN,5,-5.0,-25.0,-25.0,61,87,,,2.35,,,11.33,,0.177,MEDIUM,2055.55,Progressive PRICE_DOWN move: evidence supports the target direction with 61 days to stay month. Move -5% now; cumulative -25% toward retrospective target -25%.
132,2024-04-16,2024,9,Camera Superior,,PRICE_DOWN,1,-5.0,-5.0,-25.0,138,10,,,0.0,,,15.83,,0.211,MEDIUM,1924.28,Progressive PRICE_DOWN move: evidence supports the target direction with 138 days to stay month. Move -5% now; cumulative -5% toward retrospective target -25%.
132,2024-04-30,2024,9,Camera Superior,,PRICE_DOWN,2,-5.0,-10.0,-25.0,124,11,,,0.0,,,15.83,,0.205,MEDIUM,1924.28,Progressive PRICE_DOWN move: evidence supports the target direction with 124 days to stay month. Move -5% now; cumulative -10% toward retrospective target -25%.
132,2024-05-14,2024,9,Camera Superior,,PRICE_DOWN,3,-5.0,-15.0,-25.0,110,41,,,2.44,,,21.67,,0.192,MEDIUM,1924.28,Progressive PRICE_DOWN move: evidence supports the target direction with 110 days to stay month. Move -5% now; cumulative -15% toward retrospective target -25%.
132,2024-05-28,2024,9,Camera Superior,,PRICE_DOWN,4,-5.0,-20.0,-25.0,96,72,,,1.39,,,21.67,,0.186,MEDIUM,1924.28,Progressive PRICE_DOWN move: evidence supports the target direction with 96 days to stay month. Move -5% now; cumulative -20% toward retrospective target -25%.
132,2024-06-11,2024,9,Camera Superior,,PRICE_DOWN,5,-5.0,-25.0,-25.0,82,81,,,1.23,,,21.67,,0.179,MEDIUM,1924.28,Progressive PRICE_DOWN move: evidence supports the target direction with 82 days to stay month. Move -5% now; cumulative -25% toward retrospective target -25%.
134,2024-05-07,2024,9,Appartamento Area Piscina,,PRICE_DOWN,1,-5.0,-5.0,-15.0,117,10,,,0.0,,,5.56,,0.202,MEDIUM,1403.47,Progressive PRICE_DOWN move: evidence supports the target direction with 117 days to stay month. Move -5% now; cumulative -5% toward retrospective target -15%.
134,2024-05-21,2024,9,Appartamento Area Piscina,,PRICE_DOWN,2,-5.0,-10.0,-15.0,103,25,,,8.33,,,8.15,,0.196,MEDIUM,1403.47,Progressive PRICE_DOWN move: evidence supports the target direction with 103 days to stay month. Move -5% now; cumulative -10% toward retrospective target -15%.
134,2024-06-04,2024,9,Appartamento Area Piscina,,PRICE_DOWN,3,-5.0,-15.0,-15.0,89,42,,,4.88,,,9.44,,0.19,MEDIUM,1403.47,Progressive PRICE_DOWN move: evidence supports the target direction with 89 days to stay month. Move -5% now; cumulative -15% toward retrospective target -15%.
135,2024-03-05,2024,9,Camera  Standard,,PRICE_DOWN,1,-5.0,-5.0,-15.0,180,11,,,9.09,,,10.0,,0.23,MEDIUM,1062.04,Progressive PRICE_DOWN move: evidence supports the target direction with 180 days to stay month. Move -5% now; cumulative -5% toward retrospective target -15%.
135,2024-03-19,2024,9,Camera  Standard,,PRICE_DOWN,2,-5.0,-10.0,-15.0,166,14,,,7.14,,,10.0,,0.224,MEDIUM,1062.04,Progressive PRICE_DOWN move: evidence supports the target direction with 166 days to stay month. Move -5% now; cumulative -10% toward retrospective target -15%.
135,2024-04-02,2024,9,Camera  Standard,,PRICE_DOWN,3,-5.0,-15.0,-15.0,152,16,,,6.25,,,15.0,,0.218,MEDIUM,1062.04,Progressive PRICE_DOWN move: evidence supports the target direction with 152 days to stay month. Move -5% now; cumulative -15% toward retrospective target -15%.
139,2024-05-21,2024,9,Villino 2Ten,,PRICE_DOWN,1,-5.0,-5.0,-15.0,103,11,,,9.09,,,23.33,,0.181,MEDIUM,40.84,Progressive PRICE_DOWN move: evidence supports the target direction with 103 days to stay month. Move -5% now; cumulative -5% toward retrospective target -15%.
139,2024-06-04,2024,9,Villino 2Ten,,PRICE_DOWN,2,-5.0,-10.0,-15.0,89,11,,,9.09,,,23.33,,0.175,MEDIUM,40.84,Progressive PRICE_DOWN move: evidence supports the target direction with 89 days to stay month. Move -5% now; cumulative -10% toward retrospective target -15%.
139,2024-06-18,2024,9,Villino 2Ten,,PRICE_DOWN,3,-5.0,-15.0,-15.0,75,12,,,8.33,,,23.33,,0.169,MEDIUM,40.84,Progressive PRICE_DOWN move: evidence supports the target direction with 75 days to stay month. Move -5% now; cumulative -15% toward retrospective target -15%.
