stay_year,stay_month_num,season,room_name,regime,strategy,current_adr,recommended_price_change_pct,recommended_adr,current_occupancy_pct,expected_occupancy_pct,current_revpar,optimized_revpar,revpar_change_pct,actual_revenue,optimized_revenue,incremental_revenue_eur,room_nights,available_room_nights,conversion_pct,avg_los,elasticity_proxy,elasticity_source,elasticity_observations,confidence,reason
2026,6,SHOULDER,Appartamento Area Giardino,BALANCED,PRICE_DOWN,175.46,-25.0,131.6,59.05,97.7,103.61,128.57,24.1,87028.34,107998.1,20969.76,496.0,840.0,6.52,6.79,2.618,OBSERVED,1,MEDIUM,BALANCED: tested price grid and selected -25% because it maximizes modeled RevPAR (103.61 -> 128.57) under the estimated price-volume response.
2025,6,SHOULDER,Appartamento Area Giardino,BALANCED,PRICE_DOWN,169.67,-25.0,127.25,55.24,91.4,93.72,116.3,24.1,78725.97,97695.25,18969.28,464.0,840.0,7.73,4.78,2.618,OBSERVED,1,MEDIUM,BALANCED: tested price grid and selected -25% because it maximizes modeled RevPAR (93.72 -> 116.30) under the estimated price-volume response.
2025,8,PEAK,Appartamento Area Giardino,PRICE_POWER,PRICE_UP,167.78,10.0,184.55,102.53,100.0,172.03,184.55,7.28,149321.26,160193.19,10871.93,890.0,868.0,3.67,7.61,0.2,OBSERVED,1,MEDIUM,PRICE_POWER: tested price grid and selected +10% because it maximizes modeled RevPAR (172.03 -> 184.55) under the estimated price-volume response.
2024,8,PEAK,Camera  Standard,BALANCED,PRICE_UP,170.0,25.0,212.5,74.19,69.56,126.13,147.81,17.19,54740.5,64149.02,9408.52,322.0,434.0,2.71,6.85,0.25,PRIOR,0,LOW,BALANCED: tested price grid and selected +25% because it maximizes modeled RevPAR (126.13 -> 147.81) under the estimated price-volume response.
2024,7,PEAK,Camera Superior,PRICE_POWER,PRICE_UP,274.31,15.0,315.45,98.79,96.34,270.99,303.92,12.15,67205.05,75371.21,8166.16,245.0,248.0,4.52,5.98,0.165,OBSERVED,2,HIGH,PRICE_POWER: tested price grid and selected +15% because it maximizes modeled RevPAR (270.99 -> 303.92) under the estimated price-volume response.
2025,8,PEAK,Camera  Standard,PRICE_POWER,PRICE_UP,205.85,10.0,226.44,102.76,100.0,211.54,226.44,7.04,91810.38,98274.16,6463.78,446.0,434.0,6.01,5.13,0.25,PRIOR,0,LOW,PRICE_POWER: tested price grid and selected +10% because it maximizes modeled RevPAR (211.54 -> 226.44) under the estimated price-volume response.
2025,6,SHOULDER,Appartamento Area Piscina,BALANCED,PRICE_DOWN,174.88,-20.0,139.91,71.3,96.6,124.69,135.16,8.4,67330.32,72984.74,5654.42,385.0,540.0,6.09,5.13,1.775,OBSERVED,1,MEDIUM,BALANCED: tested price grid and selected -20% because it maximizes modeled RevPAR (124.69 -> 135.16) under the estimated price-volume response.
2026,5,SHOULDER,Appartamento Area Piscina,VOLUME_OPPORTUNITY,PRICE_DOWN,178.87,-25.0,134.15,17.74,31.05,31.74,41.65,31.25,17708.38,23242.25,5533.87,99.0,558.0,3.03,2.91,3.0,OBSERVED,1,MEDIUM,VOLUME_OPPORTUNITY: tested price grid and selected -25% because it maximizes modeled RevPAR (31.74 -> 41.65) under the estimated price-volume response.
2026,6,SHOULDER,Appartamento Area Piscina,BALANCED,PRICE_DOWN,188.96,-20.0,151.17,61.11,82.8,115.48,125.17,8.4,62356.83,67593.58,5236.75,330.0,540.0,2.44,5.59,1.775,OBSERVED,1,MEDIUM,BALANCED: tested price grid and selected -20% because it maximizes modeled RevPAR (115.48 -> 125.17) under the estimated price-volume response.
2024,7,PEAK,Camera  Standard,BALANCED,PRICE_UP,137.75,25.0,172.19,76.27,67.84,105.06,116.82,11.19,45595.5,50698.54,5103.04,331.0,434.0,5.7,6.25,0.442,OBSERVED,1,MEDIUM,BALANCED: tested price grid and selected +25% because it maximizes modeled RevPAR (105.06 -> 116.82) under the estimated price-volume response.
2026,6,SHOULDER,Camera Deluxe,VOLUME_OPPORTUNITY,PRICE_DOWN,205.02,-25.0,153.77,52.0,91.0,106.61,139.93,31.25,15991.64,20989.03,4997.39,78.0,150.0,0.44,6.0,3.0,OBSERVED,1,MEDIUM,VOLUME_OPPORTUNITY: tested price grid and selected -25% because it maximizes modeled RevPAR (106.61 -> 139.93) under the estimated price-volume response.
2025,8,PEAK,Camera Deluxe,BALANCED,PRICE_UP,293.12,25.0,366.4,63.23,59.27,185.33,217.18,17.19,28725.7,33662.93,4937.23,98.0,155.0,1.19,5.76,0.25,PRIOR,0,LOW,BALANCED: tested price grid and selected +25% because it maximizes modeled RevPAR (185.33 -> 217.18) under the estimated price-volume response.
2025,6,SHOULDER,Camera Superior,BALANCED,PRICE_UP,145.64,25.0,182.05,81.25,76.17,118.33,138.67,17.19,28399.76,33280.97,4881.21,195.0,240.0,4.34,4.64,0.25,PRIOR,0,LOW,BALANCED: tested price grid and selected +25% because it maximizes modeled RevPAR (118.33 -> 138.67) under the estimated price-volume response.
2024,6,SHOULDER,Camera Superior,BALANCED,PRICE_UP,143.53,25.0,179.41,80.42,75.39,115.42,135.26,17.19,27700.4,32461.41,4761.01,193.0,240.0,2.96,5.68,0.25,PRIOR,0,LOW,BALANCED: tested price grid and selected +25% because it maximizes modeled RevPAR (115.42 -> 135.26) under the estimated price-volume response.
2026,5,SHOULDER,Camera  Standard,VOLUME_OPPORTUNITY,PRICE_DOWN,179.57,-25.0,134.68,18.43,32.26,33.1,43.44,31.25,14365.78,18855.09,4489.31,80.0,434.0,4.88,2.76,3.0,OBSERVED,1,MEDIUM,VOLUME_OPPORTUNITY: tested price grid and selected -25% because it maximizes modeled RevPAR (33.10 -> 43.44) under the estimated price-volume response.
2024,8,PEAK,Appartamento Area Piscina,BALANCED,PRICE_UP,331.69,20.0,398.03,82.62,70.7,274.03,281.42,2.7,152908.5,157033.76,4125.26,461.0,558.0,4.56,7.56,0.721,OBSERVED,1,MEDIUM,BALANCED: tested price grid and selected +20% because it maximizes modeled RevPAR (274.03 -> 281.42) under the estimated price-volume response.
2026,6,SHOULDER,Camera Superior,PRICE_POWER,PRICE_UP,178.58,10.0,196.44,90.83,88.56,162.21,173.97,7.25,38930.37,41752.82,2822.45,218.0,240.0,4.15,4.95,0.25,PRIOR,0,LOW,PRICE_POWER: tested price grid and selected +10% because it maximizes modeled RevPAR (162.21 -> 173.97) under the estimated price-volume response.
2024,9,SHOULDER,Appartamento Area Giardino,VOLUME_OPPORTUNITY,PRICE_DOWN,162.6,-20.0,130.08,30.48,40.45,49.55,52.62,6.18,41625.93,44197.74,2571.81,256.0,840.0,3.36,5.95,1.636,OBSERVED,1,MEDIUM,VOLUME_OPPORTUNITY: tested price grid and selected -20% because it maximizes modeled RevPAR (49.55 -> 52.62) under the estimated price-volume response.
2025,5,SHOULDER,Camera  Standard,VOLUME_OPPORTUNITY,PRICE_DOWN,223.47,-25.0,167.6,8.29,14.52,18.54,24.33,31.25,8045.0,10559.06,2514.06,36.0,434.0,16.0,2.25,3.0,OBSERVED,1,MEDIUM,VOLUME_OPPORTUNITY: tested price grid and selected -25% because it maximizes modeled RevPAR (18.54 -> 24.33) under the estimated price-volume response.
2025,5,SHOULDER,Appartamento Area Piscina,VOLUME_OPPORTUNITY,PRICE_DOWN,206.84,-25.0,155.13,6.81,11.92,14.09,18.49,31.25,7860.05,10316.32,2456.27,38.0,558.0,46.67,2.24,3.0,OBSERVED,1,MEDIUM,VOLUME_OPPORTUNITY: tested price grid and selected -25% because it maximizes modeled RevPAR (14.09 -> 18.49) under the estimated price-volume response.
2026,7,PEAK,Camera Deluxe,BALANCED,PRICE_UP,346.65,25.0,433.32,67.74,57.74,234.83,250.21,6.55,36398.69,38782.3,2383.61,105.0,155.0,0.41,6.18,0.59,OBSERVED,1,MEDIUM,BALANCED: tested price grid and selected +25% because it maximizes modeled RevPAR (234.83 -> 250.21) under the estimated price-volume response.
2026,7,PEAK,Camera  Standard,PRICE_POWER,PRICE_UP,213.36,5.0,224.03,94.7,92.61,202.06,207.47,2.68,87692.98,90043.37,2350.39,411.0,434.0,3.1,5.55,0.442,OBSERVED,1,MEDIUM,PRICE_POWER: tested price grid and selected +5% because it maximizes modeled RevPAR (202.06 -> 207.47) under the estimated price-volume response.
2025,6,SHOULDER,Camera Deluxe,BALANCED,PRICE_DOWN,201.29,-5.0,191.22,84.0,96.6,169.08,184.72,9.25,25362.15,27708.15,2346.0,126.0,150.0,2.26,5.04,3.0,OBSERVED,1,MEDIUM,BALANCED: tested price grid and selected -5% because it maximizes modeled RevPAR (169.08 -> 184.72) under the estimated price-volume response.
2026,5,SHOULDER,Camera Superior,VOLUME_OPPORTUNITY,PRICE_DOWN,158.72,-25.0,119.04,16.94,29.64,26.88,35.28,31.25,6666.38,8749.62,2083.24,42.0,248.0,5.26,2.47,3.0,OBSERVED,1,MEDIUM,VOLUME_OPPORTUNITY: tested price grid and selected -25% because it maximizes modeled RevPAR (26.88 -> 35.28) under the estimated price-volume response.
2024,9,SHOULDER,Camera Deluxe,BALANCED,PRICE_DOWN,176.26,-25.0,132.19,59.33,89.48,104.58,118.28,13.1,15686.7,17742.25,2055.55,89.0,150.0,2.13,5.24,2.032,OBSERVED,1,MEDIUM,BALANCED: tested price grid and selected -25% because it maximizes modeled RevPAR (104.58 -> 118.28) under the estimated price-volume response.
2024,9,SHOULDER,Camera Superior,VOLUME_OPPORTUNITY,PRICE_DOWN,138.97,-25.0,104.23,50.42,74.91,70.06,78.08,11.44,16815.13,18739.41,1924.28,121.0,240.0,0.52,5.5,1.944,OBSERVED,1,MEDIUM,VOLUME_OPPORTUNITY: tested price grid and selected -25% because it maximizes modeled RevPAR (70.06 -> 78.08) under the estimated price-volume response.
2025,9,SHOULDER,Appartamento Area Giardino,VOLUME_OPPORTUNITY,PRICE_DOWN,202.97,-20.0,162.38,18.1,24.02,36.73,39.0,6.18,30852.14,32758.31,1906.17,152.0,840.0,17.02,3.53,1.636,OBSERVED,1,MEDIUM,VOLUME_OPPORTUNITY: tested price grid and selected -20% because it maximizes modeled RevPAR (36.73 -> 39.00) under the estimated price-volume response.
2025,9,SHOULDER,Camera Deluxe,VOLUME_OPPORTUNITY,PRICE_DOWN,201.59,-25.0,151.19,42.0,63.34,84.67,95.76,13.1,12700.31,14364.53,1664.22,63.0,150.0,5.88,4.5,2.032,OBSERVED,1,MEDIUM,VOLUME_OPPORTUNITY: tested price grid and selected -25% because it maximizes modeled RevPAR (84.67 -> 95.76) under the estimated price-volume response.
2024,7,PEAK,Suite Familiare,VOLUME_OPPORTUNITY,PRICE_DOWN,412.08,-25.0,309.06,38.71,67.74,159.52,209.36,31.25,4945.0,6490.31,1545.31,12.0,31.0,4.76,6.0,3.0,OBSERVED,1,MEDIUM,VOLUME_OPPORTUNITY: tested price grid and selected -25% because it maximizes modeled RevPAR (159.52 -> 209.36) under the estimated price-volume response.
2025,9,SHOULDER,Camera Superior,VOLUME_OPPORTUNITY,PRICE_DOWN,162.01,-25.0,121.51,34.17,50.77,55.35,61.69,11.44,13285.05,14805.35,1520.3,82.0,240.0,8.62,3.04,1.944,OBSERVED,1,MEDIUM,VOLUME_OPPORTUNITY: tested price grid and selected -25% because it maximizes modeled RevPAR (55.35 -> 61.69) under the estimated price-volume response.
2024,9,SHOULDER,Appartamento Area Piscina,VOLUME_OPPORTUNITY,PRICE_DOWN,195.54,-15.0,166.21,32.22,39.47,63.01,65.61,4.12,34023.5,35426.97,1403.47,174.0,540.0,7.41,5.8,1.5,PRIOR,0,LOW,VOLUME_OPPORTUNITY: tested price grid and selected -15% because it maximizes modeled RevPAR (63.01 -> 65.61) under the estimated price-volume response.
2024,6,SHOULDER,Suite Familiare Vista Piscina,BALANCED,PRICE_UP,235.72,25.0,294.66,66.67,66.67,157.15,196.44,25.0,4714.5,5893.12,1178.62,20.0,30.0,25.0,6.67,0.0,OBSERVED,1,MEDIUM,BALANCED: tested price grid and selected +25% because it maximizes modeled RevPAR (157.15 -> 196.44) under the estimated price-volume response.
2024,7,PEAK,Villino Double,BALANCED,PRICE_UP,410.98,25.0,513.72,67.74,61.45,278.4,315.69,13.39,8630.5,9786.5,1156.0,21.0,31.0,0.0,10.5,0.371,OBSERVED,2,HIGH,BALANCED: tested price grid and selected +25% because it maximizes modeled RevPAR (278.40 -> 315.69) under the estimated price-volume response.
2025,6,SHOULDER,Suite Familiare Vista Piscina,BALANCED,PRICE_UP,228.07,25.0,285.09,66.67,66.67,152.05,190.06,25.0,4561.4,5701.75,1140.35,20.0,30.0,0.0,5.0,0.0,OBSERVED,1,MEDIUM,BALANCED: tested price grid and selected +25% because it maximizes modeled RevPAR (152.05 -> 190.06) under the estimated price-volume response.
2026,7,PEAK,Villino Double,BALANCED,PRICE_UP,356.49,25.0,445.61,74.19,67.31,264.49,299.92,13.39,8199.2,9297.43,1098.23,23.0,31.0,3.92,7.67,0.371,OBSERVED,2,HIGH,BALANCED: tested price grid and selected +25% because it maximizes modeled RevPAR (264.49 -> 299.92) under the estimated price-volume response.
2025,9,SHOULDER,Appartamento Area Piscina,VOLUME_OPPORTUNITY,PRICE_DOWN,173.83,-15.0,147.75,28.15,34.48,48.93,50.95,4.13,26421.82,27511.72,1089.9,152.0,540.0,21.57,5.07,1.5,PRIOR,0,LOW,VOLUME_OPPORTUNITY: tested price grid and selected -15% because it maximizes modeled RevPAR (48.93 -> 50.95) under the estimated price-volume response.
2024,9,SHOULDER,Camera  Standard,VOLUME_OPPORTUNITY,PRICE_DOWN,125.59,-15.0,106.75,48.81,59.79,61.3,63.83,4.13,25746.5,26808.54,1062.04,205.0,420.0,3.41,6.21,1.5,PRIOR,0,LOW,VOLUME_OPPORTUNITY: tested price grid and selected -15% because it maximizes modeled RevPAR (61.30 -> 63.83) under the estimated price-volume response.
2024,7,PEAK,Appartamento Area Piscina,BALANCED,PRICE_UP,292.49,10.0,321.74,71.33,65.41,208.62,210.46,0.88,116411.5,117438.94,1027.44,398.0,558.0,4.59,7.37,0.829,OBSERVED,2,HIGH,BALANCED: tested price grid and selected +10% because it maximizes modeled RevPAR (208.62 -> 210.46) under the estimated price-volume response.
2026,5,SHOULDER,Appartamento Area Giardino,VOLUME_OPPORTUNITY,PRICE_DOWN,171.24,-15.0,145.56,16.24,19.9,27.82,28.96,4.13,24145.08,25141.06,995.98,141.0,868.0,8.33,2.61,1.5,PRIOR,0,LOW,VOLUME_OPPORTUNITY: tested price grid and selected -15% because it maximizes modeled RevPAR (27.82 -> 28.96) under the estimated price-volume response.
2025,7,PEAK,Villino 2Ten,VOLUME_OPPORTUNITY,PRICE_DOWN,192.67,-25.0,144.5,48.39,84.68,93.23,122.36,31.25,2890.0,3793.13,903.13,15.0,31.0,0.0,7.5,3.0,OBSERVED,1,MEDIUM,VOLUME_OPPORTUNITY: tested price grid and selected -25% because it maximizes modeled RevPAR (93.23 -> 122.36) under the estimated price-volume response.
2025,9,SHOULDER,Camera  Standard,VOLUME_OPPORTUNITY,PRICE_DOWN,128.27,-15.0,109.03,40.24,49.29,51.61,53.74,4.12,21676.95,22571.12,894.17,169.0,420.0,9.35,2.77,1.5,PRIOR,0,LOW,VOLUME_OPPORTUNITY: tested price grid and selected -15% because it maximizes modeled RevPAR (51.61 -> 53.74) under the estimated price-volume response.
2025,7,PEAK,Villino Double,BALANCED,PRICE_UP,261.32,25.0,326.65,80.65,73.16,210.74,238.97,13.39,6533.05,7408.11,875.06,25.0,31.0,16.67,5.0,0.371,OBSERVED,2,HIGH,BALANCED: tested price grid and selected +25% because it maximizes modeled RevPAR (210.74 -> 238.97) under the estimated price-volume response.
2024,8,PEAK,Villino Double,PRICE_POWER,PRICE_UP,415.41,10.0,456.96,93.55,91.21,388.61,416.79,7.25,12047.0,12920.41,873.41,29.0,31.0,8.33,9.67,0.25,PRIOR,0,LOW,PRICE_POWER: tested price grid and selected +10% because it maximizes modeled RevPAR (388.61 -> 416.79) under the estimated price-volume response.
2024,6,SHOULDER,Villino Double,BALANCED,PRICE_DOWN,285.07,-20.0,228.06,70.0,100.0,199.55,228.06,14.29,5986.5,6841.71,855.21,21.0,30.0,33.33,7.0,2.255,OBSERVED,2,HIGH,BALANCED: tested price grid and selected -20% because it maximizes modeled RevPAR (199.55 -> 228.06) under the estimated price-volume response.
2025,8,PEAK,Suite Familiare Vista Piscina,PRICE_POWER,PRICE_UP,398.72,10.0,438.6,93.55,91.21,373.0,400.04,7.25,11563.0,12401.32,838.32,29.0,31.0,6.98,4.14,0.25,PRIOR,0,LOW,PRICE_POWER: tested price grid and selected +10% because it maximizes modeled RevPAR (373.00 -> 400.04) under the estimated price-volume response.
2026,6,SHOULDER,Villino Double,BALANCED,PRICE_DOWN,279.35,-15.0,237.45,76.67,100.0,214.17,237.45,10.87,6425.0,7123.37,698.37,23.0,30.0,0.0,7.67,2.255,OBSERVED,2,HIGH,BALANCED: tested price grid and selected -15% because it maximizes modeled RevPAR (214.17 -> 237.45) under the estimated price-volume response.
2025,5,SHOULDER,Camera Superior,VOLUME_OPPORTUNITY,PRICE_DOWN,96.57,-25.0,72.43,8.87,15.52,8.57,11.24,31.25,2124.64,2788.59,663.95,22.0,248.0,26.09,2.44,3.0,OBSERVED,1,MEDIUM,VOLUME_OPPORTUNITY: tested price grid and selected -25% because it maximizes modeled RevPAR (8.57 -> 11.24) under the estimated price-volume response.
2025,7,PEAK,Camera Deluxe,PRICE_POWER,PRICE_UP,224.18,5.0,235.39,100.0,97.05,224.18,228.44,1.9,34747.58,35407.84,660.26,155.0,155.0,2.12,5.54,0.59,OBSERVED,1,MEDIUM,PRICE_POWER: tested price grid and selected +5% because it maximizes modeled RevPAR (224.18 -> 228.44) under the estimated price-volume response.
2026,7,PEAK,Villino 2Ten,VOLUME_OPPORTUNITY,PRICE_DOWN,210.0,-25.0,157.5,32.26,56.45,67.74,88.91,31.25,2100.0,2756.25,656.25,10.0,31.0,1.75,10.0,3.0,OBSERVED,1,MEDIUM,VOLUME_OPPORTUNITY: tested price grid and selected -25% because it maximizes modeled RevPAR (67.74 -> 88.91) under the estimated price-volume response.
2026,6,SHOULDER,Villino 2Ten,BALANCED,PRICE_UP,177.57,25.0,221.96,66.67,62.5,118.38,138.72,17.19,3551.35,4161.74,610.39,20.0,30.0,7.14,5.0,0.25,PRIOR,0,LOW,BALANCED: tested price grid and selected +25% because it maximizes modeled RevPAR (118.38 -> 138.72) under the estimated price-volume response.
2024,6,SHOULDER,Suite Familiare,PRICE_POWER,PRICE_UP,277.86,10.0,305.64,93.33,91.0,259.33,278.14,7.25,7780.0,8344.05,564.05,28.0,30.0,9.09,7.0,0.25,PRIOR,0,LOW,PRICE_POWER: tested price grid and selected +10% because it maximizes modeled RevPAR (259.33 -> 278.14) under the estimated price-volume response.
2025,8,PEAK,Villino 2Ten,BALANCED,PRICE_UP,360.66,25.0,450.82,74.19,63.12,267.59,284.55,6.34,8295.15,8821.17,526.02,23.0,31.0,0.0,7.67,0.597,OBSERVED,1,MEDIUM,BALANCED: tested price grid and selected +25% because it maximizes modeled RevPAR (267.59 -> 284.55) under the estimated price-volume response.
2025,6,SHOULDER,Villino Double,VOLUME_OPPORTUNITY,PRICE_DOWN,410.93,-25.0,308.2,23.33,36.49,95.88,112.45,17.28,2876.5,3373.6,497.1,7.0,30.0,0.0,7.0,2.255,OBSERVED,2,HIGH,VOLUME_OPPORTUNITY: tested price grid and selected -25% because it maximizes modeled RevPAR (95.88 -> 112.45) under the estimated price-volume response.
2024,7,PEAK,Villino 2Ten,VOLUME_OPPORTUNITY,PRICE_DOWN,113.31,-25.0,84.98,41.94,73.39,47.52,62.36,31.25,1473.0,1933.31,460.31,13.0,31.0,0.0,6.5,3.0,OBSERVED,1,MEDIUM,VOLUME_OPPORTUNITY: tested price grid and selected -25% because it maximizes modeled RevPAR (47.52 -> 62.36) under the estimated price-volume response.
2025,8,PEAK,Villino Double,PRICE_POWER,PRICE_UP,195.71,10.0,215.29,90.32,88.06,176.77,189.59,7.25,5480.0,5877.3,397.3,28.0,31.0,7.14,5.6,0.25,PRIOR,0,LOW,PRICE_POWER: tested price grid and selected +10% because it maximizes modeled RevPAR (176.77 -> 189.59) under the estimated price-volume response.
2024,6,SHOULDER,Villino 2Ten,BALANCED,PRICE_UP,108.57,25.0,135.71,70.0,65.62,76.0,89.06,17.19,2280.0,2671.88,391.88,21.0,30.0,0.0,5.25,0.25,PRIOR,0,LOW,BALANCED: tested price grid and selected +25% because it maximizes modeled RevPAR (76.00 -> 89.06) under the estimated price-volume response.
2024,5,SHOULDER,Camera  Standard,VOLUME_OPPORTUNITY,PRICE_DOWN,124.25,-25.0,93.19,1.84,3.23,2.29,3.01,31.25,994.0,1304.62,310.62,8.0,434.0,6.67,2.0,3.0,OBSERVED,1,MEDIUM,VOLUME_OPPORTUNITY: tested price grid and selected -25% because it maximizes modeled RevPAR (2.29 -> 3.01) under the estimated price-volume response.
2026,6,SHOULDER,Camera  Standard,BALANCED,PRICE_DOWN,143.88,-5.0,136.69,80.95,85.65,116.48,117.08,0.51,48920.48,49172.28,251.8,340.0,420.0,5.7,4.59,1.161,OBSERVED,1,MEDIUM,BALANCED: tested price grid and selected -5% because it maximizes modeled RevPAR (116.48 -> 117.08) under the estimated price-volume response.
2026,7,PEAK,Suite Familiare Vista Piscina,VOLUME_OPPORTUNITY,PRICE_DOWN,428.03,-15.0,363.83,45.16,55.32,193.3,201.28,4.12,5992.45,6239.64,247.19,14.0,31.0,0.95,7.0,1.5,PRIOR,0,LOW,VOLUME_OPPORTUNITY: tested price grid and selected -15% because it maximizes modeled RevPAR (193.30 -> 201.28) under the estimated price-volume response.
2025,6,SHOULDER,Camera  Standard,BALANCED,PRICE_DOWN,141.79,-5.0,134.7,73.1,77.34,103.64,104.18,0.51,43529.66,43753.71,224.05,307.0,420.0,8.31,3.7,1.161,OBSERVED,1,MEDIUM,BALANCED: tested price grid and selected -5% because it maximizes modeled RevPAR (103.64 -> 104.18) under the estimated price-volume response.
2024,5,SHOULDER,Camera Superior,VOLUME_OPPORTUNITY,PRICE_DOWN,345.0,-25.0,258.75,0.81,1.41,2.78,3.65,31.25,690.0,905.62,215.62,2.0,248.0,16.67,2.0,3.0,OBSERVED,1,MEDIUM,VOLUME_OPPORTUNITY: tested price grid and selected -25% because it maximizes modeled RevPAR (2.78 -> 3.65) under the estimated price-volume response.
2025,5,SHOULDER,Appartamento Area Giardino,VOLUME_OPPORTUNITY,PRICE_DOWN,141.99,-15.0,120.69,4.03,4.94,5.73,5.96,4.12,4969.56,5174.55,204.99,35.0,868.0,3.85,2.5,1.5,PRIOR,0,LOW,VOLUME_OPPORTUNITY: tested price grid and selected -15% because it maximizes modeled RevPAR (5.73 -> 5.96) under the estimated price-volume response.
2024,9,SHOULDER,Villino Double,VOLUME_OPPORTUNITY,PRICE_DOWN,233.64,-15.0,198.6,46.67,57.17,109.03,113.53,4.12,3271.0,3405.93,134.93,14.0,30.0,0.0,4.67,1.5,PRIOR,0,LOW,VOLUME_OPPORTUNITY: tested price grid and selected -15% because it maximizes modeled RevPAR (109.03 -> 113.53) under the estimated price-volume response.
2026,5,SHOULDER,Camera Deluxe,VOLUME_OPPORTUNITY,PRICE_DOWN,177.35,-15.0,150.75,10.32,12.65,18.31,19.06,4.13,2837.58,2954.63,117.05,16.0,155.0,0.0,3.2,1.5,PRIOR,0,LOW,VOLUME_OPPORTUNITY: tested price grid and selected -15% because it maximizes modeled RevPAR (18.31 -> 19.06) under the estimated price-volume response.
2025,7,PEAK,Suite Familiare Vista Piscina,VOLUME_OPPORTUNITY,PRICE_DOWN,356.66,-15.0,303.16,22.58,27.66,80.54,83.86,4.12,2496.65,2599.64,102.99,7.0,31.0,0.0,7.0,1.5,PRIOR,0,LOW,VOLUME_OPPORTUNITY: tested price grid and selected -15% because it maximizes modeled RevPAR (80.54 -> 83.86) under the estimated price-volume response.
2026,7,PEAK,Suite Familiare,VOLUME_OPPORTUNITY,PRICE_DOWN,150.0,-25.0,112.5,6.45,11.29,9.68,12.7,31.25,300.0,393.75,93.75,2.0,31.0,0.0,2.0,3.0,OBSERVED,1,MEDIUM,VOLUME_OPPORTUNITY: tested price grid and selected -25% because it maximizes modeled RevPAR (9.68 -> 12.70) under the estimated price-volume response.
2024,9,SHOULDER,Suite Familiare,VOLUME_OPPORTUNITY,PRICE_DOWN,128.57,-15.0,109.29,46.67,57.17,60.0,62.48,4.13,1800.0,1874.25,74.25,14.0,30.0,0.0,7.0,1.5,PRIOR,0,LOW,VOLUME_OPPORTUNITY: tested price grid and selected -15% because it maximizes modeled RevPAR (60.00 -> 62.48) under the estimated price-volume response.
2024,9,SHOULDER,Villino 2Ten,VOLUME_OPPORTUNITY,PRICE_DOWN,141.43,-15.0,120.21,23.33,28.58,33.0,34.36,4.12,990.0,1030.84,40.84,7.0,30.0,7.14,7.0,1.5,PRIOR,0,LOW,VOLUME_OPPORTUNITY: tested price grid and selected -15% because it maximizes modeled RevPAR (33.00 -> 34.36) under the estimated price-volume response.
2026,6,SHOULDER,OTA Camera Standard,VOLUME_OPPORTUNITY,PRICE_DOWN,158.5,-15.0,134.73,6.67,8.17,10.57,11.0,4.13,951.03,990.26,39.23,6.0,90.0,,3.0,1.5,PRIOR,0,LOW,VOLUME_OPPORTUNITY: tested price grid and selected -15% because it maximizes modeled RevPAR (10.57 -> 11.00) under the estimated price-volume response.
2026,5,SHOULDER,OTA Camera Standard,VOLUME_OPPORTUNITY,PRICE_DOWN,141.42,-15.0,120.21,4.3,5.27,6.08,6.33,4.12,565.68,589.01,23.33,4.0,93.0,,2.0,1.5,PRIOR,0,LOW,VOLUME_OPPORTUNITY: tested price grid and selected -15% because it maximizes modeled RevPAR (6.08 -> 6.33) under the estimated price-volume response.
2026,5,SHOULDER,Villino 2Ten,VOLUME_OPPORTUNITY,PRICE_DOWN,112.2,-15.0,95.37,16.13,19.76,18.1,18.84,4.12,561.0,584.14,23.14,5.0,31.0,,2.5,1.5,PRIOR,0,LOW,VOLUME_OPPORTUNITY: tested price grid and selected -15% because it maximizes modeled RevPAR (18.10 -> 18.84) under the estimated price-volume response.
2026,5,SHOULDER,Villino Double,VOLUME_OPPORTUNITY,PRICE_DOWN,110.38,-15.0,93.82,16.13,19.76,17.8,18.54,4.13,551.9,574.67,22.77,5.0,31.0,50.0,2.5,1.5,PRIOR,0,LOW,VOLUME_OPPORTUNITY: tested price grid and selected -15% because it maximizes modeled RevPAR (17.80 -> 18.54) under the estimated price-volume response.
2026,5,SHOULDER,Suite Familiare,VOLUME_OPPORTUNITY,PRICE_DOWN,140.0,-15.0,119.0,9.68,11.85,13.55,14.11,4.12,420.0,437.32,17.32,3.0,31.0,0.0,3.0,1.5,PRIOR,0,LOW,VOLUME_OPPORTUNITY: tested price grid and selected -15% because it maximizes modeled RevPAR (13.55 -> 14.11) under the estimated price-volume response.
2025,5,SHOULDER,Camera Deluxe,VOLUME_OPPORTUNITY,PRICE_DOWN,47.0,-15.0,39.95,3.23,3.95,1.52,1.58,4.12,235.0,244.69,9.69,5.0,155.0,0.0,1.67,1.5,PRIOR,0,LOW,VOLUME_OPPORTUNITY: tested price grid and selected -15% because it maximizes modeled RevPAR (1.52 -> 1.58) under the estimated price-volume response.
2024,7,PEAK,Appartamento Area Giardino,PRICE_POWER,HOLD,128.67,0.0,128.67,104.61,104.61,134.6,134.6,0.0,116834.0,116834.0,0.0,908.0,868.0,7.38,8.11,0.78,OBSERVED,1,MEDIUM,PRICE_POWER: tested price grid and selected +0% because it maximizes modeled RevPAR (134.60 -> 134.60) under the estimated price-volume response.
2024,8,PEAK,Appartamento Area Giardino,PRICE_POWER,HOLD,120.8,0.0,120.8,111.18,111.18,134.3,134.3,0.0,116570.5,116570.5,0.0,965.0,868.0,4.76,7.85,0.2,OBSERVED,1,MEDIUM,PRICE_POWER: tested price grid and selected +0% because it maximizes modeled RevPAR (134.30 -> 134.30) under the estimated price-volume response.
2024,6,SHOULDER,Appartamento Area Giardino,PRICE_POWER,HOLD,143.78,0.0,143.78,104.52,104.52,150.28,150.28,0.0,126235.9,126235.9,0.0,878.0,840.0,7.64,7.32,2.618,OBSERVED,1,MEDIUM,PRICE_POWER: tested price grid and selected +0% because it maximizes modeled RevPAR (150.28 -> 150.28) under the estimated price-volume response.
2024,7,PEAK,Camera Deluxe,PRICE_POWER,HOLD,322.24,0.0,322.24,115.48,115.48,372.13,372.13,0.0,57680.5,57680.5,0.0,179.0,155.0,3.31,6.88,0.59,OBSERVED,1,MEDIUM,PRICE_POWER: tested price grid and selected +0% because it maximizes modeled RevPAR (372.13 -> 372.13) under the estimated price-volume response.
2024,6,SHOULDER,Camera Deluxe,PRICE_POWER,HOLD,194.09,0.0,194.09,110.0,110.0,213.5,213.5,0.0,32024.5,32024.5,0.0,165.0,150.0,6.92,6.35,3.0,OBSERVED,1,MEDIUM,PRICE_POWER: tested price grid and selected +0% because it maximizes modeled RevPAR (213.50 -> 213.50) under the estimated price-volume response.
2025,11,OTHER,Camera  Standard,VOLUME_OPPORTUNITY,HOLD,0.0,0.0,0.0,3.1,3.1,0.0,0.0,,0.0,0.0,0.0,13.0,420.0,,1.0,1.5,PRIOR,0,LOW,VOLUME_OPPORTUNITY: tested price grid and selected +0% because it maximizes modeled RevPAR (0.00 -> 0.00) under the estimated price-volume response.
2025,7,PEAK,Camera  Standard,PRICE_POWER,HOLD,168.96,0.0,168.96,107.14,107.14,181.03,181.03,0.0,78565.94,78565.94,0.0,465.0,434.0,5.94,4.35,0.442,OBSERVED,1,MEDIUM,PRICE_POWER: tested price grid and selected +0% because it maximizes modeled RevPAR (181.03 -> 181.03) under the estimated price-volume response.
2026,7,PEAK,Appartamento Area Piscina,PRICE_POWER,HOLD,291.33,0.0,291.33,85.66,85.66,249.56,249.56,0.0,139256.49,139256.49,0.0,478.0,558.0,0.92,6.64,0.829,OBSERVED,2,HIGH,PRICE_POWER: tested price grid and selected +0% because it maximizes modeled RevPAR (249.56 -> 249.56) under the estimated price-volume response.
2025,7,PEAK,Appartamento Area Piscina,PRICE_POWER,HOLD,223.25,0.0,223.25,94.27,94.27,210.44,210.44,0.0,117427.9,117427.9,0.0,526.0,558.0,3.85,7.41,0.829,OBSERVED,2,HIGH,PRICE_POWER: tested price grid and selected +0% because it maximizes modeled RevPAR (210.44 -> 210.44) under the estimated price-volume response.
2025,8,PEAK,Appartamento Area Piscina,PRICE_POWER,HOLD,229.89,0.0,229.89,100.9,100.9,231.95,231.95,0.0,129428.18,129428.18,0.0,563.0,558.0,3.37,7.61,0.721,OBSERVED,1,MEDIUM,PRICE_POWER: tested price grid and selected +0% because it maximizes modeled RevPAR (231.95 -> 231.95) under the estimated price-volume response.
2024,6,SHOULDER,Camera  Standard,PRICE_POWER,HOLD,106.24,0.0,106.24,119.52,119.52,126.99,126.99,0.0,53334.16,53334.16,0.0,502.0,420.0,5.47,6.28,1.161,OBSERVED,1,MEDIUM,PRICE_POWER: tested price grid and selected +0% because it maximizes modeled RevPAR (126.99 -> 126.99) under the estimated price-volume response.
2024,6,SHOULDER,Appartamento Area Piscina,PRICE_POWER,HOLD,170.42,0.0,170.42,87.78,87.78,149.59,149.59,0.0,80777.0,80777.0,0.0,474.0,540.0,4.62,5.85,1.775,OBSERVED,1,MEDIUM,PRICE_POWER: tested price grid and selected +0% because it maximizes modeled RevPAR (149.59 -> 149.59) under the estimated price-volume response.
2026,7,PEAK,Appartamento Area Giardino,PRICE_POWER,HOLD,179.85,0.0,179.85,94.12,94.12,169.28,169.28,0.0,146935.23,146935.23,0.0,817.0,868.0,3.67,7.23,0.78,OBSERVED,1,MEDIUM,PRICE_POWER: tested price grid and selected +0% because it maximizes modeled RevPAR (169.28 -> 169.28) under the estimated price-volume response.
2025,7,PEAK,Appartamento Area Giardino,PRICE_POWER,HOLD,155.0,0.0,155.0,87.9,87.9,136.25,136.25,0.0,118266.51,118266.51,0.0,763.0,868.0,3.55,7.55,0.78,OBSERVED,1,MEDIUM,PRICE_POWER: tested price grid and selected +0% because it maximizes modeled RevPAR (136.25 -> 136.25) under the estimated price-volume response.
2024,8,PEAK,Camera Deluxe,PRICE_POWER,HOLD,352.55,0.0,352.55,125.16,125.16,441.26,441.26,0.0,68395.0,68395.0,0.0,194.0,155.0,2.28,6.93,0.25,PRIOR,0,LOW,PRICE_POWER: tested price grid and selected +0% because it maximizes modeled RevPAR (441.26 -> 441.26) under the estimated price-volume response.
2025,11,OTHER,Camera Deluxe,VOLUME_OPPORTUNITY,HOLD,0.0,0.0,0.0,1.33,1.33,0.0,0.0,,0.0,0.0,0.0,2.0,150.0,,1.0,1.5,PRIOR,0,LOW,VOLUME_OPPORTUNITY: tested price grid and selected +0% because it maximizes modeled RevPAR (0.00 -> 0.00) under the estimated price-volume response.
2025,7,PEAK,Camera Superior,PRICE_POWER,HOLD,194.59,0.0,194.59,107.66,107.66,209.49,209.49,0.0,51954.52,51954.52,0.0,267.0,248.0,2.92,5.34,0.165,OBSERVED,2,HIGH,PRICE_POWER: tested price grid and selected +0% because it maximizes modeled RevPAR (209.49 -> 209.49) under the estimated price-volume response.
2026,7,PEAK,Camera Superior,PRICE_POWER,HOLD,262.92,0.0,262.92,106.85,106.85,280.94,280.94,0.0,69673.71,69673.71,0.0,265.0,248.0,2.39,6.16,0.165,OBSERVED,2,HIGH,PRICE_POWER: tested price grid and selected +0% because it maximizes modeled RevPAR (280.94 -> 280.94) under the estimated price-volume response.
2024,8,PEAK,Camera Superior,PRICE_POWER,HOLD,281.01,0.0,281.01,99.6,99.6,279.88,279.88,0.0,69409.5,69409.5,0.0,247.0,248.0,3.16,6.33,0.961,OBSERVED,1,MEDIUM,PRICE_POWER: tested price grid and selected +0% because it maximizes modeled RevPAR (279.88 -> 279.88) under the estimated price-volume response.
2025,8,PEAK,Suite Familiare,VOLUME_OPPORTUNITY,HOLD,232.86,0.0,232.86,22.58,22.58,52.58,52.58,0.0,1630.0,1630.0,0.0,7.0,31.0,1.92,2.33,0.751,OBSERVED,1,MEDIUM,VOLUME_OPPORTUNITY: tested price grid and selected +0% because it maximizes modeled RevPAR (52.58 -> 52.58) under the estimated price-volume response.
2024,8,PEAK,Suite Familiare,VOLUME_OPPORTUNITY,HOLD,498.0,0.0,498.0,16.13,16.13,80.32,80.32,0.0,2490.0,2490.0,0.0,5.0,31.0,0.0,5.0,0.751,OBSERVED,1,MEDIUM,VOLUME_OPPORTUNITY: tested price grid and selected +0% because it maximizes modeled RevPAR (80.32 -> 80.32) under the estimated price-volume response.
2026,6,SHOULDER,Suite Familiare,PRICE_POWER,HOLD,248.51,0.0,248.51,103.33,103.33,256.8,256.8,0.0,7703.95,7703.95,0.0,31.0,30.0,3.23,6.2,0.25,PRIOR,0,LOW,PRICE_POWER: tested price grid and selected +0% because it maximizes modeled RevPAR (256.80 -> 256.80) under the estimated price-volume response.
2025,7,PEAK,Suite Familiare,PRICE_POWER,HOLD,317.3,0.0,317.3,103.23,103.23,327.54,327.54,0.0,10153.7,10153.7,0.0,32.0,31.0,5.56,4.57,3.0,OBSERVED,1,MEDIUM,PRICE_POWER: tested price grid and selected +0% because it maximizes modeled RevPAR (327.54 -> 327.54) under the estimated price-volume response.
2025,6,SHOULDER,Suite Familiare,VOLUME_OPPORTUNITY,HOLD,232.35,0.0,232.35,33.33,33.33,77.45,77.45,0.0,2323.5,2323.5,0.0,10.0,30.0,0.0,10.0,0.25,PRIOR,0,LOW,VOLUME_OPPORTUNITY: tested price grid and selected +0% because it maximizes modeled RevPAR (77.45 -> 77.45) under the estimated price-volume response.
2025,8,PEAK,Camera Superior,PRICE_POWER,HOLD,257.33,0.0,257.33,107.66,107.66,277.05,277.05,0.0,68708.18,68708.18,0.0,267.0,248.0,3.26,5.34,0.961,OBSERVED,1,MEDIUM,PRICE_POWER: tested price grid and selected +0% because it maximizes modeled RevPAR (277.05 -> 277.05) under the estimated price-volume response.
2025,11,OTHER,Camera Superior,VOLUME_OPPORTUNITY,HOLD,0.0,0.0,0.0,0.83,0.83,0.0,0.0,,0.0,0.0,0.0,2.0,240.0,,1.0,1.5,PRIOR,0,LOW,VOLUME_OPPORTUNITY: tested price grid and selected +0% because it maximizes modeled RevPAR (0.00 -> 0.00) under the estimated price-volume response.
2024,5,SHOULDER,Suite Familiare Vista Piscina,VOLUME_OPPORTUNITY,HOLD,200.0,0.0,200.0,6.45,6.45,12.9,12.9,0.0,400.0,400.0,0.0,2.0,31.0,0.0,2.0,0.0,OBSERVED,1,MEDIUM,VOLUME_OPPORTUNITY: tested price grid and selected +0% because it maximizes modeled RevPAR (12.90 -> 12.90) under the estimated price-volume response.
2025,6,SHOULDER,Villino 2Ten,VOLUME_OPPORTUNITY,HOLD,85.0,0.0,85.0,46.67,46.67,39.67,39.67,0.0,1190.0,1190.0,0.0,14.0,30.0,33.33,7.0,0.25,PRIOR,0,LOW,VOLUME_OPPORTUNITY: tested price grid and selected +0% because it maximizes modeled RevPAR (39.67 -> 39.67) under the estimated price-volume response.
2025,11,OTHER,Suite Familiare Vista Piscina,VOLUME_OPPORTUNITY,HOLD,0.0,0.0,0.0,3.33,3.33,0.0,0.0,,0.0,0.0,0.0,1.0,30.0,,1.0,1.5,PRIOR,0,LOW,VOLUME_OPPORTUNITY: tested price grid and selected +0% because it maximizes modeled RevPAR (0.00 -> 0.00) under the estimated price-volume response.
2024,8,PEAK,Suite Familiare Vista Piscina,PRICE_POWER,HOLD,421.71,0.0,421.71,112.9,112.9,476.13,476.13,0.0,14760.0,14760.0,0.0,35.0,31.0,5.56,8.75,0.25,PRIOR,0,LOW,PRICE_POWER: tested price grid and selected +0% because it maximizes modeled RevPAR (476.13 -> 476.13) under the estimated price-volume response.
2024,7,PEAK,Suite Familiare Vista Piscina,PRICE_POWER,HOLD,366.56,0.0,366.56,87.1,87.1,319.26,319.26,0.0,9897.0,9897.0,0.0,27.0,31.0,11.76,6.75,1.5,PRIOR,0,LOW,PRICE_POWER: tested price grid and selected +0% because it maximizes modeled RevPAR (319.26 -> 319.26) under the estimated price-volume response.
2026,5,SHOULDER,Suite Familiare Vista Piscina,VOLUME_OPPORTUNITY,HOLD,238.0,0.0,238.0,12.9,12.9,30.71,30.71,0.0,952.0,952.0,0.0,4.0,31.0,0.0,4.0,0.0,OBSERVED,1,MEDIUM,VOLUME_OPPORTUNITY: tested price grid and selected +0% because it maximizes modeled RevPAR (30.71 -> 30.71) under the estimated price-volume response.
2025,5,SHOULDER,Suite Familiare Vista Piscina,VOLUME_OPPORTUNITY,HOLD,0.0,0.0,0.0,6.45,6.45,0.0,0.0,,0.0,0.0,0.0,2.0,31.0,0.0,2.0,0.0,OBSERVED,1,MEDIUM,VOLUME_OPPORTUNITY: tested price grid and selected +0% because it maximizes modeled RevPAR (0.00 -> 0.00) under the estimated price-volume response.
2024,8,PEAK,Villino 2Ten,PRICE_POWER,HOLD,217.12,0.0,217.12,122.58,122.58,266.15,266.15,0.0,8250.5,8250.5,0.0,38.0,31.0,7.89,6.33,0.597,OBSERVED,1,MEDIUM,PRICE_POWER: tested price grid and selected +0% because it maximizes modeled RevPAR (266.15 -> 266.15) under the estimated price-volume response.
2025,9,SHOULDER,Villino Double,VOLUME_OPPORTUNITY,HOLD,0.0,0.0,0.0,6.67,6.67,0.0,0.0,,0.0,0.0,0.0,2.0,30.0,0.0,1.0,1.5,PRIOR,0,LOW,VOLUME_OPPORTUNITY: tested price grid and selected +0% because it maximizes modeled RevPAR (0.00 -> 0.00) under the estimated price-volume response.
