stay_year,stay_month_num,season,room_name,from_treatment,to_treatment,strategy,eligible_lower_treatment_bookings,observed_higher_treatment_bookings,observed_higher_treatment_share_pct,lower_total_adr,higher_total_adr,package_adr_premium_eur,test_upgrade_rate_pct,expected_test_upgrades,economic_value_proxy_eur,confidence,action_text,note
2024,8,PEAK,Appartamento Area Giardino,Solo Pernottamento,Mezza Pensione,PROMOTE_UPSELL,32,20,16.26,0.88,293.82,292.94,10.0,3.2,7997.18,MEDIUM,Appartamento Area Giardino · month 8: promote Solo Pernottamento → Mezza Pensione to a controlled test cohort (10% target).,EVIDENCE-BASED TEST CANDIDATE ONLY. No booking-level treatment transition is observed. Economic value uses total-package ADR premium as a proxy and is NON-ADDITIVE.
2025,7,PEAK,Appartamento Area Giardino,Only Bed,Mezza Pensione,PROMOTE_UPSELL,34,42,41.58,66.07,236.56,170.49,10.0,3.4,5370.41,HIGH,Appartamento Area Giardino · month 7: promote Only Bed → Mezza Pensione to a controlled test cohort (10% target).,EVIDENCE-BASED TEST CANDIDATE ONLY. No booking-level treatment transition is observed. Economic value uses total-package ADR premium as a proxy and is NON-ADDITIVE.
2025,8,PEAK,Appartamento Area Giardino,Only Bed,Bed & Breakfast,PROMOTE_UPSELL,46,20,17.09,97.9,141.45,43.56,10.0,4.6,1711.88,MEDIUM,Appartamento Area Giardino · month 8: promote Only Bed → Bed & Breakfast to a controlled test cohort (10% target).,EVIDENCE-BASED TEST CANDIDATE ONLY. No booking-level treatment transition is observed. Economic value uses total-package ADR premium as a proxy and is NON-ADDITIVE.
2024,7,PEAK,Appartamento Area Giardino,Mezza Pensione,Pensione Completa,PROMOTE_UPSELL,17,58,51.79,112.23,218.98,106.75,10.0,1.7,1675.91,MEDIUM,Appartamento Area Giardino · month 7: promote Mezza Pensione → Pensione Completa to a controlled test cohort (10% target).,EVIDENCE-BASED TEST CANDIDATE ONLY. No booking-level treatment transition is observed. Economic value uses total-package ADR premium as a proxy and is NON-ADDITIVE.
2024,9,SHOULDER,Appartamento Area Giardino,Mezza Pensione,Pensione Completa,PROMOTE_UPSELL,23,18,41.86,128.42,228.46,100.04,10.0,2.3,1510.66,MEDIUM,Appartamento Area Giardino · month 9: promote Mezza Pensione → Pensione Completa to a controlled test cohort (10% target).,EVIDENCE-BASED TEST CANDIDATE ONLY. No booking-level treatment transition is observed. Economic value uses total-package ADR premium as a proxy and is NON-ADDITIVE.
2025,8,PEAK,Appartamento Area Piscina,Only Bed,Mezza Pensione,PROMOTE_UPSELL,8,38,51.35,116.33,276.38,160.06,10.0,0.8,1488.52,MEDIUM,Appartamento Area Piscina · month 8: promote Only Bed → Mezza Pensione to a controlled test cohort (10% target).,EVIDENCE-BASED TEST CANDIDATE ONLY. No booking-level treatment transition is observed. Economic value uses total-package ADR premium as a proxy and is NON-ADDITIVE.
2024,7,PEAK,Appartamento Area Giardino,Mezza Pensione Pranzo,Pensione Completa,PROMOTE_UPSELL,6,58,51.79,35.88,218.98,183.1,10.0,0.6,1281.7,MEDIUM,Appartamento Area Giardino · month 7: promote Mezza Pensione Pranzo → Pensione Completa to a controlled test cohort (10% target).,EVIDENCE-BASED TEST CANDIDATE ONLY. No booking-level treatment transition is observed. Economic value uses total-package ADR premium as a proxy and is NON-ADDITIVE.
2025,8,PEAK,Appartamento Area Giardino,Bed & Breakfast,Mezza Pensione,PROMOTE_UPSELL,20,39,33.33,141.45,242.34,100.89,10.0,2.0,1240.92,MEDIUM,Appartamento Area Giardino · month 8: promote Bed & Breakfast → Mezza Pensione to a controlled test cohort (10% target).,EVIDENCE-BASED TEST CANDIDATE ONLY. No booking-level treatment transition is observed. Economic value uses total-package ADR premium as a proxy and is NON-ADDITIVE.
2025,6,SHOULDER,Appartamento Area Giardino,Mezza Pensione,Pensione Completa,PROMOTE_UPSELL,47,22,22.68,191.91,239.37,47.46,10.0,4.7,1048.78,MEDIUM,Appartamento Area Giardino · month 6: promote Mezza Pensione → Pensione Completa to a controlled test cohort (10% target).,EVIDENCE-BASED TEST CANDIDATE ONLY. No booking-level treatment transition is observed. Economic value uses total-package ADR premium as a proxy and is NON-ADDITIVE.
2025,7,PEAK,Appartamento Area Giardino,Bed & Breakfast,Mezza Pensione,PROMOTE_UPSELL,10,42,41.58,88.0,236.56,148.56,10.0,1.0,995.34,MEDIUM,Appartamento Area Giardino · month 7: promote Bed & Breakfast → Mezza Pensione to a controlled test cohort (10% target).,EVIDENCE-BASED TEST CANDIDATE ONLY. No booking-level treatment transition is observed. Economic value uses total-package ADR premium as a proxy and is NON-ADDITIVE.
2026,7,PEAK,Appartamento Area Piscina,Mezza Pensione,Pensione Completa,PROMOTE_UPSELL,47,17,23.61,311.48,341.5,30.02,10.0,4.7,990.75,MEDIUM,Appartamento Area Piscina · month 7: promote Mezza Pensione → Pensione Completa to a controlled test cohort (10% target).,EVIDENCE-BASED TEST CANDIDATE ONLY. No booking-level treatment transition is observed. Economic value uses total-package ADR premium as a proxy and is NON-ADDITIVE.
2025,8,PEAK,Appartamento Area Giardino,Mezza Pensione,Pensione Completa,PROMOTE_UPSELL,39,12,10.26,242.34,272.6,30.25,10.0,3.9,850.11,MEDIUM,Appartamento Area Giardino · month 8: promote Mezza Pensione → Pensione Completa to a controlled test cohort (10% target).,EVIDENCE-BASED TEST CANDIDATE ONLY. No booking-level treatment transition is observed. Economic value uses total-package ADR premium as a proxy and is NON-ADDITIVE.
2026,6,SHOULDER,Appartamento Area Piscina,Mezza Pensione,Pensione Completa,PROMOTE_UPSELL,39,17,28.81,191.73,228.82,37.09,10.0,3.9,841.96,MEDIUM,Appartamento Area Piscina · month 6: promote Mezza Pensione → Pensione Completa to a controlled test cohort (10% target).,EVIDENCE-BASED TEST CANDIDATE ONLY. No booking-level treatment transition is observed. Economic value uses total-package ADR premium as a proxy and is NON-ADDITIVE.
2024,8,PEAK,Appartamento Area Piscina,Solo Pernottamento,Mezza Pensione,PROMOTE_UPSELL,2,22,36.07,0.0,389.48,389.48,10.0,0.2,817.9,MEDIUM,Appartamento Area Piscina · month 8: promote Solo Pernottamento → Mezza Pensione to a controlled test cohort (10% target).,EVIDENCE-BASED TEST CANDIDATE ONLY. No booking-level treatment transition is observed. Economic value uses total-package ADR premium as a proxy and is NON-ADDITIVE.
2025,7,PEAK,Appartamento Area Piscina,Only Bed,Bed & Breakfast,PROMOTE_UPSELL,2,12,16.9,0.0,211.18,211.18,10.0,0.2,781.36,MEDIUM,Appartamento Area Piscina · month 7: promote Only Bed → Bed & Breakfast to a controlled test cohort (10% target).,EVIDENCE-BASED TEST CANDIDATE ONLY. No booking-level treatment transition is observed. Economic value uses total-package ADR premium as a proxy and is NON-ADDITIVE.
2025,7,PEAK,Camera Deluxe,Bed & Breakfast,Mezza Pensione,PROMOTE_UPSELL,5,10,35.71,88.39,275.19,186.8,10.0,0.5,747.21,MEDIUM,Camera Deluxe · month 7: promote Bed & Breakfast → Mezza Pensione to a controlled test cohort (10% target).,EVIDENCE-BASED TEST CANDIDATE ONLY. No booking-level treatment transition is observed. Economic value uses total-package ADR premium as a proxy and is NON-ADDITIVE.
2024,6,SHOULDER,Appartamento Area Giardino,Solo Pernottamento,Mezza Pensione,PROMOTE_UPSELL,5,48,40.0,0.0,169.8,169.8,10.0,0.5,696.19,MEDIUM,Appartamento Area Giardino · month 6: promote Solo Pernottamento → Mezza Pensione to a controlled test cohort (10% target).,EVIDENCE-BASED TEST CANDIDATE ONLY. No booking-level treatment transition is observed. Economic value uses total-package ADR premium as a proxy and is NON-ADDITIVE.
2024,8,PEAK,Appartamento Area Giardino,Bed & Breakfast,Mezza Pensione,PROMOTE_UPSELL,3,20,16.26,0.0,293.82,293.82,10.0,0.3,617.01,MEDIUM,Appartamento Area Giardino · month 8: promote Bed & Breakfast → Mezza Pensione to a controlled test cohort (10% target).,EVIDENCE-BASED TEST CANDIDATE ONLY. No booking-level treatment transition is observed. Economic value uses total-package ADR premium as a proxy and is NON-ADDITIVE.
2025,8,PEAK,Camera  Standard,Bed & Breakfast,Mezza Pensione,PROMOTE_UPSELL,21,40,45.98,149.49,219.42,69.94,10.0,2.1,615.45,MEDIUM,Camera  Standard · month 8: promote Bed & Breakfast → Mezza Pensione to a controlled test cohort (10% target).,EVIDENCE-BASED TEST CANDIDATE ONLY. No booking-level treatment transition is observed. Economic value uses total-package ADR premium as a proxy and is NON-ADDITIVE.
2025,6,SHOULDER,Appartamento Area Giardino,Bed & Breakfast,Mezza Pensione,PROMOTE_UPSELL,20,47,48.45,110.14,191.91,81.77,10.0,2.0,613.26,MEDIUM,Appartamento Area Giardino · month 6: promote Bed & Breakfast → Mezza Pensione to a controlled test cohort (10% target).,EVIDENCE-BASED TEST CANDIDATE ONLY. No booking-level treatment transition is observed. Economic value uses total-package ADR premium as a proxy and is NON-ADDITIVE.
2025,8,PEAK,Camera Superior,Bed & Breakfast,Mezza Pensione,PROMOTE_UPSELL,16,23,46.0,190.24,273.47,83.23,10.0,1.6,565.98,MEDIUM,Camera Superior · month 8: promote Bed & Breakfast → Mezza Pensione to a controlled test cohort (10% target).,EVIDENCE-BASED TEST CANDIDATE ONLY. No booking-level treatment transition is observed. Economic value uses total-package ADR premium as a proxy and is NON-ADDITIVE.
2026,6,SHOULDER,Appartamento Area Giardino,Mezza Pensione,Pensione Completa,PROMOTE_UPSELL,43,13,17.81,210.44,229.1,18.66,10.0,4.3,554.12,MEDIUM,Appartamento Area Giardino · month 6: promote Mezza Pensione → Pensione Completa to a controlled test cohort (10% target).,EVIDENCE-BASED TEST CANDIDATE ONLY. No booking-level treatment transition is observed. Economic value uses total-package ADR premium as a proxy and is NON-ADDITIVE.
2025,7,PEAK,Camera  Standard,Bed & Breakfast,Mezza Pensione,PROMOTE_UPSELL,29,44,41.12,146.0,188.83,42.83,10.0,2.9,548.22,MEDIUM,Camera  Standard · month 7: promote Bed & Breakfast → Mezza Pensione to a controlled test cohort (10% target).,EVIDENCE-BASED TEST CANDIDATE ONLY. No booking-level treatment transition is observed. Economic value uses total-package ADR premium as a proxy and is NON-ADDITIVE.
2025,6,SHOULDER,Appartamento Area Piscina,Bed & Breakfast,Mezza Pensione,PROMOTE_UPSELL,22,32,42.67,111.23,188.38,77.15,10.0,2.2,532.36,MEDIUM,Appartamento Area Piscina · month 6: promote Bed & Breakfast → Mezza Pensione to a controlled test cohort (10% target).,EVIDENCE-BASED TEST CANDIDATE ONLY. No booking-level treatment transition is observed. Economic value uses total-package ADR premium as a proxy and is NON-ADDITIVE.
2025,8,PEAK,Appartamento Area Piscina,Bed & Breakfast,Mezza Pensione,PROMOTE_UPSELL,8,38,51.35,178.1,276.38,98.28,10.0,0.8,501.23,MEDIUM,Appartamento Area Piscina · month 8: promote Bed & Breakfast → Mezza Pensione to a controlled test cohort (10% target).,EVIDENCE-BASED TEST CANDIDATE ONLY. No booking-level treatment transition is observed. Economic value uses total-package ADR premium as a proxy and is NON-ADDITIVE.
2025,6,SHOULDER,Camera Superior,Bed & Breakfast,Mezza Pensione,PROMOTE_UPSELL,18,16,38.1,109.35,169.41,60.05,10.0,1.8,480.43,MEDIUM,Camera Superior · month 6: promote Bed & Breakfast → Mezza Pensione to a controlled test cohort (10% target).,EVIDENCE-BASED TEST CANDIDATE ONLY. No booking-level treatment transition is observed. Economic value uses total-package ADR premium as a proxy and is NON-ADDITIVE.
2024,7,PEAK,Appartamento Area Giardino,Solo Pernottamento,Mezza Pensione,PROMOTE_UPSELL,7,17,15.18,14.29,112.23,97.95,10.0,0.7,479.94,MEDIUM,Appartamento Area Giardino · month 7: promote Solo Pernottamento → Mezza Pensione to a controlled test cohort (10% target).,EVIDENCE-BASED TEST CANDIDATE ONLY. No booking-level treatment transition is observed. Economic value uses total-package ADR premium as a proxy and is NON-ADDITIVE.
2025,6,SHOULDER,Appartamento Area Giardino,Only Bed,Bed & Breakfast,PROMOTE_UPSELL,8,20,20.62,33.24,110.14,76.91,10.0,0.8,453.76,MEDIUM,Appartamento Area Giardino · month 6: promote Only Bed → Bed & Breakfast to a controlled test cohort (10% target).,EVIDENCE-BASED TEST CANDIDATE ONLY. No booking-level treatment transition is observed. Economic value uses total-package ADR premium as a proxy and is NON-ADDITIVE.
2025,7,PEAK,Appartamento Area Piscina,Bed & Breakfast,Mezza Pensione,PROMOTE_UPSELL,12,35,49.3,211.18,257.23,46.05,10.0,1.2,442.12,MEDIUM,Appartamento Area Piscina · month 7: promote Bed & Breakfast → Mezza Pensione to a controlled test cohort (10% target).,EVIDENCE-BASED TEST CANDIDATE ONLY. No booking-level treatment transition is observed. Economic value uses total-package ADR premium as a proxy and is NON-ADDITIVE.
2025,6,SHOULDER,Appartamento Area Piscina,Mezza Pensione,Pensione Completa,PROMOTE_UPSELL,32,15,20.0,188.38,210.37,21.98,10.0,3.2,424.29,MEDIUM,Appartamento Area Piscina · month 6: promote Mezza Pensione → Pensione Completa to a controlled test cohort (10% target).,EVIDENCE-BASED TEST CANDIDATE ONLY. No booking-level treatment transition is observed. Economic value uses total-package ADR premium as a proxy and is NON-ADDITIVE.
2025,7,PEAK,Appartamento Area Giardino,Mezza Pensione,Pensione Completa,PROMOTE_UPSELL,42,15,14.85,236.56,250.42,13.86,10.0,4.2,385.18,MEDIUM,Appartamento Area Giardino · month 7: promote Mezza Pensione → Pensione Completa to a controlled test cohort (10% target).,EVIDENCE-BASED TEST CANDIDATE ONLY. No booking-level treatment transition is observed. Economic value uses total-package ADR premium as a proxy and is NON-ADDITIVE.
2025,8,PEAK,Camera Superior,Mezza Pensione,Pensione Completa,PROMOTE_UPSELL,23,11,22.0,273.47,299.46,25.99,10.0,2.3,382.01,MEDIUM,Camera Superior · month 8: promote Mezza Pensione → Pensione Completa to a controlled test cohort (10% target).,EVIDENCE-BASED TEST CANDIDATE ONLY. No booking-level treatment transition is observed. Economic value uses total-package ADR premium as a proxy and is NON-ADDITIVE.
2025,6,SHOULDER,Camera  Standard,Mezza Pensione,Pensione Completa,PROMOTE_UPSELL,39,20,24.1,145.25,165.47,20.22,10.0,3.9,359.94,MEDIUM,Camera  Standard · month 6: promote Mezza Pensione → Pensione Completa to a controlled test cohort (10% target).,EVIDENCE-BASED TEST CANDIDATE ONLY. No booking-level treatment transition is observed. Economic value uses total-package ADR premium as a proxy and is NON-ADDITIVE.
2025,9,SHOULDER,Camera Superior,Bed & Breakfast,Mezza Pensione,PROMOTE_UPSELL,9,13,48.15,84.76,208.0,123.24,10.0,0.9,332.76,MEDIUM,Camera Superior · month 9: promote Bed & Breakfast → Mezza Pensione to a controlled test cohort (10% target).,EVIDENCE-BASED TEST CANDIDATE ONLY. No booking-level treatment transition is observed. Economic value uses total-package ADR premium as a proxy and is NON-ADDITIVE.
2024,8,PEAK,Appartamento Area Piscina,Bed & Breakfast,Mezza Pensione,PROMOTE_UPSELL,2,22,36.07,156.43,389.48,233.05,10.0,0.2,326.27,MEDIUM,Appartamento Area Piscina · month 8: promote Bed & Breakfast → Mezza Pensione to a controlled test cohort (10% target).,EVIDENCE-BASED TEST CANDIDATE ONLY. No booking-level treatment transition is observed. Economic value uses total-package ADR premium as a proxy and is NON-ADDITIVE.
2026,6,SHOULDER,Camera Superior,Mezza Pensione,Pensione Completa,PROMOTE_UPSELL,31,13,29.55,172.07,193.26,21.19,10.0,3.1,320.0,MEDIUM,Camera Superior · month 6: promote Mezza Pensione → Pensione Completa to a controlled test cohort (10% target).,EVIDENCE-BASED TEST CANDIDATE ONLY. No booking-level treatment transition is observed. Economic value uses total-package ADR premium as a proxy and is NON-ADDITIVE.
2025,7,PEAK,Camera Superior,Bed & Breakfast,Mezza Pensione,PROMOTE_UPSELL,15,21,42.0,169.41,219.83,50.42,10.0,1.5,277.3,MEDIUM,Camera Superior · month 7: promote Bed & Breakfast → Mezza Pensione to a controlled test cohort (10% target).,EVIDENCE-BASED TEST CANDIDATE ONLY. No booking-level treatment transition is observed. Economic value uses total-package ADR premium as a proxy and is NON-ADDITIVE.
2024,8,PEAK,Camera Deluxe,Solo Pernottamento,Pensione Completa,PROMOTE_UPSELL,1,20,71.43,-5.14,368.92,374.07,10.0,0.1,261.85,MEDIUM,Camera Deluxe · month 8: promote Solo Pernottamento → Pensione Completa to a controlled test cohort (10% target).,EVIDENCE-BASED TEST CANDIDATE ONLY. No booking-level treatment transition is observed. Economic value uses total-package ADR premium as a proxy and is NON-ADDITIVE.
2025,6,SHOULDER,Camera  Standard,Bed & Breakfast,Mezza Pensione,PROMOTE_UPSELL,24,39,46.99,105.31,145.25,39.93,10.0,2.4,243.6,MEDIUM,Camera  Standard · month 6: promote Bed & Breakfast → Mezza Pensione to a controlled test cohort (10% target).,EVIDENCE-BASED TEST CANDIDATE ONLY. No booking-level treatment transition is observed. Economic value uses total-package ADR premium as a proxy and is NON-ADDITIVE.
2026,7,PEAK,Camera  Standard,Mezza Pensione,Pensione Completa,PROMOTE_UPSELL,51,23,31.08,211.36,218.58,7.22,10.0,5.1,214.43,MEDIUM,Camera  Standard · month 7: promote Mezza Pensione → Pensione Completa to a controlled test cohort (10% target).,EVIDENCE-BASED TEST CANDIDATE ONLY. No booking-level treatment transition is observed. Economic value uses total-package ADR premium as a proxy and is NON-ADDITIVE.
2025,9,SHOULDER,Appartamento Area Piscina,Bed & Breakfast,Mezza Pensione,PROMOTE_UPSELL,7,19,63.33,122.48,176.05,53.57,10.0,0.7,187.5,MEDIUM,Appartamento Area Piscina · month 9: promote Bed & Breakfast → Mezza Pensione to a controlled test cohort (10% target).,EVIDENCE-BASED TEST CANDIDATE ONLY. No booking-level treatment transition is observed. Economic value uses total-package ADR premium as a proxy and is NON-ADDITIVE.
2024,9,SHOULDER,Appartamento Area Piscina,Mezza Pensione,Pensione Completa,PROMOTE_UPSELL,11,19,63.33,183.47,205.57,22.11,10.0,1.1,174.63,MEDIUM,Appartamento Area Piscina · month 9: promote Mezza Pensione → Pensione Completa to a controlled test cohort (10% target).,EVIDENCE-BASED TEST CANDIDATE ONLY. No booking-level treatment transition is observed. Economic value uses total-package ADR premium as a proxy and is NON-ADDITIVE.
2024,6,SHOULDER,Camera Superior,Mezza Pensione,Pensione Completa,PROMOTE_UPSELL,13,20,58.82,136.61,155.23,18.62,10.0,1.3,163.84,MEDIUM,Camera Superior · month 6: promote Mezza Pensione → Pensione Completa to a controlled test cohort (10% target).,EVIDENCE-BASED TEST CANDIDATE ONLY. No booking-level treatment transition is observed. Economic value uses total-package ADR premium as a proxy and is NON-ADDITIVE.
2025,6,SHOULDER,Camera Deluxe,Bed & Breakfast,Pensione Completa,PROMOTE_UPSELL,4,13,52.0,111.48,218.02,106.54,10.0,0.4,159.82,MEDIUM,Camera Deluxe · month 6: promote Bed & Breakfast → Pensione Completa to a controlled test cohort (10% target).,EVIDENCE-BASED TEST CANDIDATE ONLY. No booking-level treatment transition is observed. Economic value uses total-package ADR premium as a proxy and is NON-ADDITIVE.
2025,9,SHOULDER,Camera  Standard,Bed & Breakfast,Mezza Pensione,PROMOTE_UPSELL,13,32,52.46,95.09,143.97,48.88,10.0,1.3,151.52,MEDIUM,Camera  Standard · month 9: promote Bed & Breakfast → Mezza Pensione to a controlled test cohort (10% target).,EVIDENCE-BASED TEST CANDIDATE ONLY. No booking-level treatment transition is observed. Economic value uses total-package ADR premium as a proxy and is NON-ADDITIVE.
2025,9,SHOULDER,Appartamento Area Giardino,Bed & Breakfast,Mezza Pensione,PROMOTE_UPSELL,6,32,74.42,145.94,214.09,68.15,10.0,0.6,149.93,MEDIUM,Appartamento Area Giardino · month 9: promote Bed & Breakfast → Mezza Pensione to a controlled test cohort (10% target).,EVIDENCE-BASED TEST CANDIDATE ONLY. No booking-level treatment transition is observed. Economic value uses total-package ADR premium as a proxy and is NON-ADDITIVE.
2026,5,SHOULDER,Camera  Standard,Mezza Pensione,Pensione Completa,PROMOTE_UPSELL,7,22,75.86,117.13,193.98,76.85,10.0,0.7,115.27,MEDIUM,Camera  Standard · month 5: promote Mezza Pensione → Pensione Completa to a controlled test cohort (10% target).,EVIDENCE-BASED TEST CANDIDATE ONLY. No booking-level treatment transition is observed. Economic value uses total-package ADR premium as a proxy and is NON-ADDITIVE.
2024,6,SHOULDER,Appartamento Area Giardino,Bed & Breakfast,Mezza Pensione,PROMOTE_UPSELL,2,48,40.0,94.71,169.8,75.09,10.0,0.2,105.12,MEDIUM,Appartamento Area Giardino · month 6: promote Bed & Breakfast → Mezza Pensione to a controlled test cohort (10% target).,EVIDENCE-BASED TEST CANDIDATE ONLY. No booking-level treatment transition is observed. Economic value uses total-package ADR premium as a proxy and is NON-ADDITIVE.
2025,5,SHOULDER,Appartamento Area Piscina,Bed & Breakfast,Pensione Completa,PROMOTE_UPSELL,1,14,82.35,0.0,231.55,231.55,10.0,0.1,69.46,MEDIUM,Appartamento Area Piscina · month 5: promote Bed & Breakfast → Pensione Completa to a controlled test cohort (10% target).,EVIDENCE-BASED TEST CANDIDATE ONLY. No booking-level treatment transition is observed. Economic value uses total-package ADR premium as a proxy and is NON-ADDITIVE.
2026,6,SHOULDER,Appartamento Area Giardino,Only Bed,Mezza Pensione,PROMOTE_UPSELL,2,43,58.9,0.0,210.44,210.44,10.0,0.2,63.13,MEDIUM,Appartamento Area Giardino · month 6: promote Only Bed → Mezza Pensione to a controlled test cohort (10% target).,EVIDENCE-BASED TEST CANDIDATE ONLY. No booking-level treatment transition is observed. Economic value uses total-package ADR premium as a proxy and is NON-ADDITIVE.
2026,7,PEAK,Appartamento Area Piscina,Only Bed,Mezza Pensione,PROMOTE_UPSELL,2,47,65.28,0.0,311.48,311.48,10.0,0.2,62.3,MEDIUM,Appartamento Area Piscina · month 7: promote Only Bed → Mezza Pensione to a controlled test cohort (10% target).,EVIDENCE-BASED TEST CANDIDATE ONLY. No booking-level treatment transition is observed. Economic value uses total-package ADR premium as a proxy and is NON-ADDITIVE.
2025,9,SHOULDER,Appartamento Area Giardino,Only Bed,Mezza Pensione,PROMOTE_UPSELL,1,32,74.42,100.0,214.09,114.09,10.0,0.1,57.05,MEDIUM,Appartamento Area Giardino · month 9: promote Only Bed → Mezza Pensione to a controlled test cohort (10% target).,EVIDENCE-BASED TEST CANDIDATE ONLY. No booking-level treatment transition is observed. Economic value uses total-package ADR premium as a proxy and is NON-ADDITIVE.
2024,8,PEAK,Camera Deluxe,Mezza Pensione,Pensione Completa,PROMOTE_UPSELL,7,20,71.43,357.54,368.92,11.38,10.0,0.7,55.78,MEDIUM,Camera Deluxe · month 8: promote Mezza Pensione → Pensione Completa to a controlled test cohort (10% target).,EVIDENCE-BASED TEST CANDIDATE ONLY. No booking-level treatment transition is observed. Economic value uses total-package ADR premium as a proxy and is NON-ADDITIVE.
2024,6,SHOULDER,Camera Superior,Solo Pernottamento,Mezza Pensione,PROMOTE_UPSELL,1,13,38.24,0.0,136.61,136.61,10.0,0.1,54.65,MEDIUM,Camera Superior · month 6: promote Solo Pernottamento → Mezza Pensione to a controlled test cohort (10% target).,EVIDENCE-BASED TEST CANDIDATE ONLY. No booking-level treatment transition is observed. Economic value uses total-package ADR premium as a proxy and is NON-ADDITIVE.
2025,6,SHOULDER,Camera Deluxe,Mezza Pensione,Pensione Completa,PROMOTE_UPSELL,8,13,52.0,203.84,218.02,14.19,10.0,0.8,51.08,MEDIUM,Camera Deluxe · month 6: promote Mezza Pensione → Pensione Completa to a controlled test cohort (10% target).,EVIDENCE-BASED TEST CANDIDATE ONLY. No booking-level treatment transition is observed. Economic value uses total-package ADR premium as a proxy and is NON-ADDITIVE.
2025,5,SHOULDER,Appartamento Area Piscina,Mezza Pensione,Pensione Completa,PROMOTE_UPSELL,2,14,82.35,182.74,231.55,48.81,10.0,0.2,24.4,MEDIUM,Appartamento Area Piscina · month 5: promote Mezza Pensione → Pensione Completa to a controlled test cohort (10% target).,EVIDENCE-BASED TEST CANDIDATE ONLY. No booking-level treatment transition is observed. Economic value uses total-package ADR premium as a proxy and is NON-ADDITIVE.
2025,8,PEAK,Camera  Standard,Mezza Pensione,Pensione Completa,PROMOTE_UPSELL,40,26,29.89,219.42,220.29,0.87,10.0,4.0,20.79,MEDIUM,Camera  Standard · month 8: promote Mezza Pensione → Pensione Completa to a controlled test cohort (10% target).,EVIDENCE-BASED TEST CANDIDATE ONLY. No booking-level treatment transition is observed. Economic value uses total-package ADR premium as a proxy and is NON-ADDITIVE.
2024,9,SHOULDER,Camera Superior,No Board,Pensione Completa,PROMOTE_UPSELL,1,13,59.09,48.74,139.73,90.99,10.0,0.1,18.2,MEDIUM,Camera Superior · month 9: promote No Board → Pensione Completa to a controlled test cohort (10% target).,EVIDENCE-BASED TEST CANDIDATE ONLY. No booking-level treatment transition is observed. Economic value uses total-package ADR premium as a proxy and is NON-ADDITIVE.
2024,6,SHOULDER,Camera  Standard,No Board,Mezza Pensione,PROMOTE_UPSELL,1,32,40.0,0.0,110.41,110.41,10.0,0.1,11.04,MEDIUM,Camera  Standard · month 6: promote No Board → Mezza Pensione to a controlled test cohort (10% target).,EVIDENCE-BASED TEST CANDIDATE ONLY. No booking-level treatment transition is observed. Economic value uses total-package ADR premium as a proxy and is NON-ADDITIVE.
2024,9,SHOULDER,Appartamento Area Giardino,No Board,Mezza Pensione,PROMOTE_UPSELL,1,23,53.49,73.43,128.42,54.99,10.0,0.1,5.5,MEDIUM,Appartamento Area Giardino · month 9: promote No Board → Mezza Pensione to a controlled test cohort (10% target).,EVIDENCE-BASED TEST CANDIDATE ONLY. No booking-level treatment transition is observed. Economic value uses total-package ADR premium as a proxy and is NON-ADDITIVE.
