stay_year,stay_month_num,season,room_name,arrangement_name,bookings,room_nights,revenue,guests,avg_los,avg_lead_days,realized_total_adr,treatment_mix_pct
2025,5,SHOULDER,Appartamento Area Giardino,Bed & Breakfast,3,7,517.15,10,2.3333333333333335,14.333333333333334,73.87857142857142,21.428571428571427
2024,6,SHOULDER,Appartamento Area Giardino,Bed & Breakfast,2,14,1326.0,9,7.0,76.0,94.71428571428571,1.6666666666666667
2025,6,SHOULDER,Appartamento Area Giardino,Bed & Breakfast,20,75,8260.87,72,3.75,31.1,110.14493333333334,20.61855670103093
2024,7,PEAK,Appartamento Area Giardino,Bed & Breakfast,4,31,4250.0,15,7.75,114.5,137.09677419354838,3.5714285714285716
2025,7,PEAK,Appartamento Area Giardino,Bed & Breakfast,10,67,5896.28,43,6.7,89.9,88.00417910447761,9.900990099009901
2024,8,PEAK,Appartamento Area Giardino,Bed & Breakfast,3,21,0.0,11,7.0,121.33333333333333,0.0,2.4390243902439024
2025,8,PEAK,Appartamento Area Giardino,Bed & Breakfast,20,123,17398.9,76,6.15,79.3,141.45447154471546,17.094017094017094
2025,9,SHOULDER,Appartamento Area Giardino,Bed & Breakfast,6,22,3210.7,22,3.6666666666666665,7.0,145.9409090909091,13.953488372093023
2024,6,SHOULDER,Appartamento Area Giardino,Formula Residence,7,70,2592.0,22,10.0,76.28571428571429,37.02857142857143,5.833333333333333
2024,7,PEAK,Appartamento Area Giardino,Formula Residence,20,182,0.0,77,9.1,105.15,0.0,17.857142857142858
2024,8,PEAK,Appartamento Area Giardino,Formula Residence,8,69,0.0,31,8.625,144.75,0.0,6.504065040650406
2024,9,SHOULDER,Appartamento Area Giardino,Formula Residence,1,7,0.0,3,7.0,156.0,0.0,2.3255813953488373
2025,5,SHOULDER,Appartamento Area Giardino,Mezza Pensione,4,14,2674.41,13,3.5,23.25,191.0292857142857,28.571428571428573
2026,5,SHOULDER,Appartamento Area Giardino,Mezza Pensione,19,38,6546.78,64,2.0,3.6315789473684212,172.2836842105263,35.18518518518518
2024,6,SHOULDER,Appartamento Area Giardino,Mezza Pensione,48,325,55186.0,153,6.770833333333333,78.35416666666667,169.80307692307693,40.0
2025,6,SHOULDER,Appartamento Area Giardino,Mezza Pensione,47,221,42412.84,152,4.702127659574468,22.319148936170212,191.9133031674208,48.45360824742268
2026,6,SHOULDER,Appartamento Area Giardino,Mezza Pensione,43,297,62501.07,167,6.906976744186046,49.81395348837209,210.44131313131314,58.9041095890411
2024,7,PEAK,Appartamento Area Giardino,Mezza Pensione,17,157,17620.5,87,9.235294117647058,98.94117647058823,112.23248407643312,15.178571428571429
2025,7,PEAK,Appartamento Area Giardino,Mezza Pensione,42,278,65764.25,171,6.619047619047619,68.30952380952381,236.56205035971223,41.584158415841586
2026,7,PEAK,Appartamento Area Giardino,Mezza Pensione,42,291,88689.82,160,6.928571428571429,56.023809523809526,304.7760137457045,37.16814159292036
2024,8,PEAK,Appartamento Area Giardino,Mezza Pensione,20,155,45541.5,77,7.75,111.5,293.81612903225806,16.260162601626018
2025,8,PEAK,Appartamento Area Giardino,Mezza Pensione,39,281,68098.16,162,7.205128205128205,79.64102564102564,242.34220640569396,33.333333333333336
2024,9,SHOULDER,Appartamento Area Giardino,Mezza Pensione,23,151,19391.5,57,6.565217391304348,53.21739130434783,128.4205298013245,53.48837209302326
2025,9,SHOULDER,Appartamento Area Giardino,Mezza Pensione,32,103,22051.44,122,3.21875,11.1875,214.09165048543687,74.4186046511628
2024,7,PEAK,Appartamento Area Giardino,Mezza Pensione Pranzo,6,70,2511.5,23,11.666666666666666,87.66666666666667,35.878571428571426,5.357142857142857
2026,6,SHOULDER,Appartamento Area Giardino,Multipropriet,15,112,5283.0,48,7.466666666666667,215.93333333333334,47.169642857142854,20.54794520547945
2026,7,PEAK,Appartamento Area Giardino,Multipropriet,60,461,37583.36,253,7.683333333333334,240.78333333333333,81.52572668112798,53.097345132743364
2024,9,SHOULDER,Appartamento Area Giardino,No Board,1,1,73.43,5,1.0,4.0,73.43,2.3255813953488373
2025,6,SHOULDER,Appartamento Area Giardino,Only Bed,8,59,1961.0,29,7.375,79.125,33.23728813559322,8.24742268041237
2026,6,SHOULDER,Appartamento Area Giardino,Only Bed,2,3,0.0,5,1.5,3.0,0.0,2.73972602739726
2025,7,PEAK,Appartamento Area Giardino,Only Bed,34,315,20812.98,150,9.264705882352942,120.47058823529412,66.07295238095237,33.663366336633665
2025,8,PEAK,Appartamento Area Giardino,Only Bed,46,393,38472.85,191,8.543478260869565,142.6304347826087,97.89529262086513,39.31623931623932
2025,9,SHOULDER,Appartamento Area Giardino,Only Bed,1,5,500.0,3,5.0,0.0,100.0,2.3255813953488373
2025,5,SHOULDER,Appartamento Area Giardino,Pensione Completa,7,14,1778.0,22,2.0,15.428571428571429,127.0,50.0
2026,5,SHOULDER,Appartamento Area Giardino,Pensione Completa,35,103,17598.3,143,2.942857142857143,22.857142857142858,170.85728155339805,64.81481481481481
2024,6,SHOULDER,Appartamento Area Giardino,Pensione Completa,58,428,67131.9,220,7.379310344827586,82.05172413793103,156.8502336448598,48.333333333333336
2025,6,SHOULDER,Appartamento Area Giardino,Pensione Completa,22,109,26091.260000000002,90,4.954545454545454,49.18181818181818,239.36935779816517,22.68041237113402
2026,6,SHOULDER,Appartamento Area Giardino,Pensione Completa,13,84,19244.27,41,6.461538461538462,47.23076923076923,229.09845238095238,17.80821917808219
2024,7,PEAK,Appartamento Area Giardino,Pensione Completa,58,419,91752.0,245,7.224137931034483,95.77586206896552,218.9785202863962,51.785714285714285
2025,7,PEAK,Appartamento Area Giardino,Pensione Completa,15,103,25793.0,56,6.866666666666666,95.0,250.41747572815535,14.851485148514852
2026,7,PEAK,Appartamento Area Giardino,Pensione Completa,11,65,20662.05,41,5.909090909090909,76.0909090909091,317.8776923076923,9.734513274336283
2024,8,PEAK,Appartamento Area Giardino,Pensione Completa,60,447,70789.0,254,7.45,104.21666666666667,158.36465324384787,48.78048780487805
2025,8,PEAK,Appartamento Area Giardino,Pensione Completa,12,93,25351.35,47,7.75,75.66666666666667,272.59516129032255,10.256410256410257
2024,9,SHOULDER,Appartamento Area Giardino,Pensione Completa,18,97,22161.0,75,5.388888888888889,32.888888888888886,228.46391752577318,41.86046511627907
2025,9,SHOULDER,Appartamento Area Giardino,Pensione Completa,4,22,5090.0,14,5.5,2.5,231.36363636363637,9.30232558139535
2024,6,SHOULDER,Appartamento Area Giardino,Solo Pernottamento,5,41,0.0,11,8.2,56.8,0.0,4.166666666666667
2024,7,PEAK,Appartamento Area Giardino,Solo Pernottamento,7,49,700.0,29,7.0,96.71428571428571,14.285714285714286,6.25
2024,8,PEAK,Appartamento Area Giardino,Solo Pernottamento,32,273,240.0,139,8.53125,122.5,0.8791208791208791,26.016260162601625
2025,5,SHOULDER,Appartamento Area Piscina,Bed & Breakfast,1,3,0.0,2,3.0,32.0,0.0,5.882352941176471
2025,6,SHOULDER,Appartamento Area Piscina,Bed & Breakfast,22,69,7674.71,59,3.1363636363636362,18.09090909090909,111.22768115942029,29.333333333333332
2025,7,PEAK,Appartamento Area Piscina,Bed & Breakfast,12,96,20273.03,43,8.0,34.666666666666664,211.17739583333332,16.901408450704224
2024,8,PEAK,Appartamento Area Piscina,Bed & Breakfast,2,14,2190.0,8,7.0,72.5,156.42857142857142,3.278688524590164
2025,8,PEAK,Appartamento Area Piscina,Bed & Breakfast,8,51,9083.31,24,6.375,58.125,178.1041176470588,10.81081081081081
2025,9,SHOULDER,Appartamento Area Piscina,Bed & Breakfast,7,35,4286.67,15,5.0,14.571428571428571,122.47628571428572,23.333333333333332
2024,6,SHOULDER,Appartamento Area Piscina,Formula Residence,1,7,0.0,6,7.0,82.0,0.0,1.2345679012345678
2024,7,PEAK,Appartamento Area Piscina,Formula Residence,2,14,0.0,8,7.0,98.5,0.0,3.7037037037037037
2024,8,PEAK,Appartamento Area Piscina,Formula Residence,1,14,0.0,4,14.0,137.0,0.0,1.639344262295082
2025,5,SHOULDER,Appartamento Area Piscina,Mezza Pensione,2,5,913.7,8,2.5,20.5,182.74,11.764705882352942
2026,5,SHOULDER,Appartamento Area Piscina,Mezza Pensione,13,43,7349.84,39,3.3076923076923075,32.69230769230769,170.926511627907,38.23529411764706
2024,6,SHOULDER,Appartamento Area Piscina,Mezza Pensione,38,200,35754.5,117,5.2631578947368425,70.0,178.7725,46.91358024691358
2025,6,SHOULDER,Appartamento Area Piscina,Mezza Pensione,32,193,36357.59,99,6.03125,32.8125,188.38129533678756,42.666666666666664
2026,6,SHOULDER,Appartamento Area Piscina,Mezza Pensione,39,227,43523.32,125,5.82051282051282,30.384615384615383,191.7326872246696,66.10169491525424
2024,7,PEAK,Appartamento Area Piscina,Mezza Pensione,19,150,46669.5,76,7.894736842105263,65.52631578947368,311.13,35.18518518518518
2025,7,PEAK,Appartamento Area Piscina,Mezza Pensione,35,233,59934.97,123,6.6571428571428575,35.91428571428571,257.23163090128753,49.29577464788732
2026,7,PEAK,Appartamento Area Piscina,Mezza Pensione,47,330,102788.66,164,7.0212765957446805,56.191489361702125,311.4807878787879,65.27777777777777
2024,8,PEAK,Appartamento Area Piscina,Mezza Pensione,22,164,63874.0,85,7.454545454545454,59.68181818181818,389.4756097560976,36.0655737704918
2025,8,PEAK,Appartamento Area Piscina,Mezza Pensione,38,286,79045.87,128,7.526315789473684,59.76315789473684,276.3841608391608,51.351351351351354
2024,9,SHOULDER,Appartamento Area Piscina,Mezza Pensione,11,79,14494.0,31,7.181818181818182,47.09090909090909,183.46835443037975,36.666666666666664
2025,9,SHOULDER,Appartamento Area Piscina,Mezza Pensione,19,98,17252.65,51,5.157894736842105,14.789473684210526,176.04744897959185,63.333333333333336
2026,6,SHOULDER,Appartamento Area Piscina,Multipropriet,3,21,70.0,13,7.0,215.0,3.3333333333333335,5.084745762711864
2026,7,PEAK,Appartamento Area Piscina,Multipropriet,6,49,3342.0,24,8.166666666666666,239.5,68.20408163265306,8.333333333333334
2026,5,SHOULDER,Appartamento Area Piscina,Only Bed,1,3,5991.0,6,3.0,0.0,1997.0,2.9411764705882355
2025,6,SHOULDER,Appartamento Area Piscina,Only Bed,6,32,4154.79,20,5.333333333333333,68.5,129.8371875,8.0
2025,7,PEAK,Appartamento Area Piscina,Only Bed,2,37,0.0,8,18.5,94.0,0.0,2.816901408450704
2026,7,PEAK,Appartamento Area Piscina,Only Bed,2,2,0.0,8,1.0,1.5,0.0,2.7777777777777777
2025,8,PEAK,Appartamento Area Piscina,Only Bed,8,93,10818.5,30,11.625,118.5,116.32795698924731,10.81081081081081
2025,5,SHOULDER,Appartamento Area Piscina,Pensione Completa,14,30,6946.35,49,2.142857142857143,21.857142857142858,231.54500000000002,82.3529411764706
2026,5,SHOULDER,Appartamento Area Piscina,Pensione Completa,20,53,4367.54,75,2.65,29.6,82.40641509433962,58.8235294117647
2024,6,SHOULDER,Appartamento Area Piscina,Pensione Completa,42,267,45022.5,138,6.357142857142857,57.04761904761905,168.62359550561797,51.851851851851855
2025,6,SHOULDER,Appartamento Area Piscina,Pensione Completa,15,91,19143.23,50,6.066666666666666,42.266666666666666,210.36516483516482,20.0
2026,6,SHOULDER,Appartamento Area Piscina,Pensione Completa,17,82,18763.510000000002,54,4.823529411764706,33.470588235294116,228.82329268292685,28.8135593220339
2024,7,PEAK,Appartamento Area Piscina,Pensione Completa,33,234,69742.0,130,7.090909090909091,58.36363636363637,298.04273504273505,61.111111111111114
2025,7,PEAK,Appartamento Area Piscina,Pensione Completa,22,160,37219.9,74,7.2727272727272725,55.0,232.62437500000001,30.985915492957748
2026,7,PEAK,Appartamento Area Piscina,Pensione Completa,17,97,33125.83,55,5.705882352941177,51.94117647058823,341.5034020618557,23.61111111111111
2024,8,PEAK,Appartamento Area Piscina,Pensione Completa,34,248,86844.5,142,7.294117647058823,55.470588235294116,350.179435483871,55.73770491803279
2025,8,PEAK,Appartamento Area Piscina,Pensione Completa,20,133,30480.5,64,6.65,59.15,229.1766917293233,27.027027027027028
2024,9,SHOULDER,Appartamento Area Piscina,Pensione Completa,19,95,19529.5,55,5.0,50.68421052631579,205.57368421052632,63.333333333333336
2025,9,SHOULDER,Appartamento Area Piscina,Pensione Completa,4,19,4882.5,16,4.75,29.0,256.9736842105263,13.333333333333334
2024,8,PEAK,Appartamento Area Piscina,Solo Pernottamento,2,21,0.0,9,10.5,119.5,0.0,3.278688524590164
2024,5,SHOULDER,Camera  Standard,Bed & Breakfast,1,2,420.0,2,2.0,123.0,210.0,25.0
2025,5,SHOULDER,Camera  Standard,Bed & Breakfast,6,17,5514.0,13,2.8333333333333335,34.5,324.3529411764706,37.5
2024,6,SHOULDER,Camera  Standard,Bed & Breakfast,1,1,111.46,2,1.0,42.0,111.46,1.25
2025,6,SHOULDER,Camera  Standard,Bed & Breakfast,24,61,6424.01,46,2.5416666666666665,24.208333333333332,105.3116393442623,28.91566265060241
2025,7,PEAK,Camera  Standard,Bed & Breakfast,29,128,18688.26,58,4.413793103448276,38.758620689655174,146.00203125,27.102803738317757
2025,8,PEAK,Camera  Standard,Bed & Breakfast,21,88,13154.7,43,4.190476190476191,48.857142857142854,149.4852272727273,24.137931034482758
2025,9,SHOULDER,Camera  Standard,Bed & Breakfast,13,31,2947.93,22,2.3846153846153846,8.0,95.09451612903226,21.311475409836067
2024,5,SHOULDER,Camera  Standard,Mezza Pensione,3,6,574.0,6,2.0,29.333333333333332,95.66666666666667,75.0
2025,5,SHOULDER,Camera  Standard,Mezza Pensione,4,7,539.0,8,1.75,36.25,77.0,25.0
2026,5,SHOULDER,Camera  Standard,Mezza Pensione,7,15,1757.0,14,2.142857142857143,13.0,117.13333333333334,24.137931034482758
2024,6,SHOULDER,Camera  Standard,Mezza Pensione,32,219,24179.2,67,6.84375,72.4375,110.40730593607306,40.0
2025,6,SHOULDER,Camera  Standard,Mezza Pensione,39,178,25853.85,85,4.564102564102564,45.17948717948718,145.24634831460673,46.98795180722892
2026,6,SHOULDER,Camera  Standard,Mezza Pensione,50,241,35110.22,103,4.82,38.2,145.68556016597512,67.56756756756756
2024,7,PEAK,Camera  Standard,Mezza Pensione,7,35,10248.5,16,5.0,64.42857142857143,292.8142857142857,13.20754716981132
2025,7,PEAK,Camera  Standard,Mezza Pensione,44,212,40032.29,99,4.818181818181818,46.59090909090909,188.83155660377358,41.12149532710281
2026,7,PEAK,Camera  Standard,Mezza Pensione,51,297,62774.62,105,5.823529411764706,63.07843137254902,211.3623569023569,68.91891891891892
2024,8,PEAK,Camera  Standard,Mezza Pensione,12,74,26294.5,35,6.166666666666667,21.416666666666668,355.3310810810811,25.53191489361702
2025,8,PEAK,Camera  Standard,Mezza Pensione,40,240,52661.54,85,6.0,72.7,219.42308333333332,45.97701149425287
2024,9,SHOULDER,Camera  Standard,Mezza Pensione,19,113,14306.5,39,5.947368421052632,103.73684210526316,126.60619469026548,57.57575757575758
2025,9,SHOULDER,Camera  Standard,Mezza Pensione,32,96,13821.28,65,3.0,12.40625,143.97166666666666,52.459016393442624
2024,9,SHOULDER,Camera  Standard,Mezza Pensione Pranzo,1,7,1390.0,2,7.0,25.0,198.57142857142858,3.0303030303030303
2024,6,SHOULDER,Camera  Standard,No Board,1,1,0.0,2,1.0,36.0,0.0,1.25
2025,11,OTHER,Camera  Standard,No Board,13,13,0.0,26,1.0,4.0,0.0,100.0
2025,5,SHOULDER,Camera  Standard,Pensione Completa,6,12,1992.0,13,2.0,42.666666666666664,166.0,37.5
2026,5,SHOULDER,Camera  Standard,Pensione Completa,22,65,12608.78,46,2.9545454545454546,31.09090909090909,193.9812307692308,75.86206896551724
2024,6,SHOULDER,Camera  Standard,Pensione Completa,46,281,29043.5,108,6.108695652173913,76.45652173913044,103.35765124555161,57.5
2025,6,SHOULDER,Camera  Standard,Pensione Completa,20,68,11251.8,43,3.4,34.95,165.46764705882353,24.096385542168676
2026,6,SHOULDER,Camera  Standard,Pensione Completa,24,99,13810.26,49,4.125,23.291666666666668,139.49757575757576,32.432432432432435
2024,7,PEAK,Camera  Standard,Pensione Completa,46,296,35347.0,121,6.434782608695652,69.06521739130434,119.41554054054055,86.79245283018868
2025,7,PEAK,Camera  Standard,Pensione Completa,34,125,19845.39,66,3.676470588235294,32.61764705882353,158.76312,31.77570093457944
2026,7,PEAK,Camera  Standard,Pensione Completa,23,114,24918.36,49,4.956521739130435,39.130434782608695,218.5821052631579,31.08108108108108
2024,8,PEAK,Camera  Standard,Pensione Completa,35,248,28446.0,94,7.085714285714285,76.91428571428571,114.70161290322581,74.46808510638297
2025,8,PEAK,Camera  Standard,Pensione Completa,26,118,25994.14,51,4.538461538461538,49.0,220.2893220338983,29.885057471264368
2024,9,SHOULDER,Camera  Standard,Pensione Completa,13,85,10050.0,33,6.538461538461538,92.38461538461539,118.23529411764706,39.39393939393939
2025,9,SHOULDER,Camera  Standard,Pensione Completa,16,42,4907.74,36,2.625,19.125,116.85095238095238,26.229508196721312
2025,5,SHOULDER,Camera Deluxe,Bed & Breakfast,1,2,90.0,1,2.0,8.0,45.0,33.333333333333336
2025,6,SHOULDER,Camera Deluxe,Bed & Breakfast,4,15,1672.2,14,3.75,46.25,111.48,16.0
2025,7,PEAK,Camera Deluxe,Bed & Breakfast,5,40,3535.6,11,8.0,45.2,88.39,17.857142857142858
2025,8,PEAK,Camera Deluxe,Bed & Breakfast,3,21,4268.8,8,7.0,81.66666666666667,203.2761904761905,17.647058823529413
2025,5,SHOULDER,Camera Deluxe,Mezza Pensione,2,3,145.0,7,1.5,14.0,48.333333333333336,66.66666666666667
2026,5,SHOULDER,Camera Deluxe,Mezza Pensione,2,4,786.5799999999999,6,2.0,8.5,196.64499999999998,40.0
2024,6,SHOULDER,Camera Deluxe,Mezza Pensione,7,41,8033.5,23,5.857142857142857,66.85714285714286,195.9390243902439,26.923076923076923
2025,6,SHOULDER,Camera Deluxe,Mezza Pensione,8,36,7338.1,29,4.5,60.375,203.8361111111111,32.0
2026,6,SHOULDER,Camera Deluxe,Mezza Pensione,10,60,10908.96,24,6.0,19.9,181.81599999999997,76.92307692307692
2024,7,PEAK,Camera Deluxe,Mezza Pensione,7,52,17660.0,26,7.428571428571429,92.14285714285714,339.61538461538464,26.923076923076923
2025,7,PEAK,Camera Deluxe,Mezza Pensione,10,55,15135.58,31,5.5,54.4,275.1923636363636,35.714285714285715
2026,7,PEAK,Camera Deluxe,Mezza Pensione,9,50,16433.04,32,5.555555555555555,38.111111111111114,328.6608,52.94117647058823
2024,8,PEAK,Camera Deluxe,Mezza Pensione,7,49,17519.5,27,7.0,32.714285714285715,357.5408163265306,25.0
2025,8,PEAK,Camera Deluxe,Mezza Pensione,9,57,18380.75,29,6.333333333333333,74.44444444444444,322.469298245614,52.94117647058823
2024,9,SHOULDER,Camera Deluxe,Mezza Pensione,9,46,7787.2,27,5.111111111111111,22.11111111111111,169.2869565217391,52.94117647058823
2025,9,SHOULDER,Camera Deluxe,Mezza Pensione,9,46,8779.71,29,5.111111111111111,19.333333333333332,190.8632608695652,64.28571428571429
2024,9,SHOULDER,Camera Deluxe,Mezza Pensione Pranzo,1,7,1690.0,4,7.0,25.0,241.42857142857142,5.882352941176471
2025,11,OTHER,Camera Deluxe,No Board,2,2,0.0,8,1.0,4.0,0.0,100.0
2026,5,SHOULDER,Camera Deluxe,Pensione Completa,3,12,2051.0,11,4.0,29.0,170.91666666666666,60.0
2024,6,SHOULDER,Camera Deluxe,Pensione Completa,19,124,23991.0,68,6.526315789473684,103.89473684210526,193.4758064516129,73.07692307692308
2025,6,SHOULDER,Camera Deluxe,Pensione Completa,13,75,16351.85,49,5.769230769230769,118.23076923076923,218.02466666666666,52.0
2026,6,SHOULDER,Camera Deluxe,Pensione Completa,3,18,5082.68,11,6.0,26.333333333333332,282.37111111111113,23.076923076923077
2024,7,PEAK,Camera Deluxe,Pensione Completa,19,127,40020.5,71,6.684210526315789,65.0,315.12204724409446,73.07692307692308
2025,7,PEAK,Camera Deluxe,Pensione Completa,13,60,16076.4,44,4.615384615384615,59.53846153846154,267.94,46.42857142857143
2026,7,PEAK,Camera Deluxe,Pensione Completa,8,55,19965.65,29,6.875,67.625,363.0118181818182,47.05882352941177
2024,8,PEAK,Camera Deluxe,Pensione Completa,20,138,50911.5,80,6.9,36.3,368.92391304347825,71.42857142857143
2025,8,PEAK,Camera Deluxe,Pensione Completa,5,20,6076.15,15,4.0,80.2,303.8075,29.41176470588235
2024,9,SHOULDER,Camera Deluxe,Pensione Completa,7,36,6209.5,21,5.142857142857143,38.0,172.48611111111111,41.1764705882353
2025,9,SHOULDER,Camera Deluxe,Pensione Completa,5,17,3920.6000000000004,15,3.4,25.8,230.62352941176474,35.714285714285715
2024,8,PEAK,Camera Deluxe,Solo Pernottamento,1,7,-36.0,4,7.0,7.0,-5.142857142857143,3.5714285714285716
2025,5,SHOULDER,Camera Superior,Bed & Breakfast,4,12,518.5,13,3.0,30.75,43.208333333333336,44.44444444444444
2025,6,SHOULDER,Camera Superior,Bed & Breakfast,18,80,8748.4,47,4.444444444444445,42.5,109.35499999999999,42.857142857142854
2025,7,PEAK,Camera Superior,Bed & Breakfast,15,55,9317.53,41,3.6666666666666665,47.733333333333334,169.40963636363637,30.0
2025,8,PEAK,Camera Superior,Bed & Breakfast,16,68,12936.18,39,4.25,44.5,190.2379411764706,32.0
2025,9,SHOULDER,Camera Superior,Bed & Breakfast,9,27,2288.41,20,3.0,22.333333333333332,84.75592592592592,33.333333333333336
2025,5,SHOULDER,Camera Superior,Mezza Pensione,2,2,348.14,7,1.0,7.0,174.07,22.22222222222222
2026,5,SHOULDER,Camera Superior,Mezza Pensione,4,8,1419.25,14,2.0,14.0,177.40625,23.529411764705884
2024,6,SHOULDER,Camera Superior,Mezza Pensione,13,88,12022.0,35,6.769230769230769,66.38461538461539,136.61363636363637,38.23529411764706
2025,6,SHOULDER,Camera Superior,Mezza Pensione,16,81,13722.119999999999,49,5.0625,26.5625,169.40888888888887,38.095238095238095
2026,6,SHOULDER,Camera Superior,Mezza Pensione,31,151,25982.06,85,4.870967741935484,38.483870967741936,172.0666225165563,70.45454545454545
2024,7,PEAK,Camera Superior,Mezza Pensione,15,84,25730.55,41,5.6,29.133333333333333,306.31607142857143,36.58536585365854
2025,7,PEAK,Camera Superior,Mezza Pensione,21,117,25719.8,61,5.571428571428571,59.80952380952381,219.8273504273504,42.0
2026,7,PEAK,Camera Superior,Mezza Pensione,37,235,63974.31,104,6.351351351351352,59.4054054054054,272.23110638297874,86.04651162790698
2024,8,PEAK,Camera Superior,Mezza Pensione,8,54,15549.0,24,6.75,43.125,287.94444444444446,20.512820512820515
2025,8,PEAK,Camera Superior,Mezza Pensione,23,147,40200.2,67,6.391304347826087,82.30434782608695,273.4707482993197,46.0
2024,9,SHOULDER,Camera Superior,Mezza Pensione,8,38,5399.65,18,4.75,51.875,142.09605263157894,36.36363636363637
2025,9,SHOULDER,Camera Superior,Mezza Pensione,13,44,9151.98,34,3.3846153846153846,33.53846153846154,207.99954545454545,48.148148148148145
2024,9,SHOULDER,Camera Superior,No Board,1,2,97.48,2,2.0,4.0,48.74,4.545454545454546
2025,11,OTHER,Camera Superior,No Board,2,2,0.0,6,1.0,4.0,0.0,100.0
2024,5,SHOULDER,Camera Superior,Pensione Completa,1,2,690.0,3,2.0,11.0,345.0,100.0
2025,5,SHOULDER,Camera Superior,Pensione Completa,3,8,1258.0,9,2.6666666666666665,26.0,157.25,33.333333333333336
2026,5,SHOULDER,Camera Superior,Pensione Completa,13,34,5247.13,33,2.6153846153846154,27.076923076923077,154.32735294117649,76.47058823529412
2024,6,SHOULDER,Camera Superior,Pensione Completa,20,101,15678.4,55,5.05,50.45,155.23168316831683,58.8235294117647
2025,6,SHOULDER,Camera Superior,Pensione Completa,8,34,5929.24,21,4.25,32.75,174.38941176470587,19.047619047619047
2026,6,SHOULDER,Camera Superior,Pensione Completa,13,67,12948.31,39,5.153846153846154,35.53846153846154,193.25835820895523,29.545454545454547
2024,7,PEAK,Camera Superior,Pensione Completa,26,161,41474.5,82,6.1923076923076925,58.42307692307692,257.6055900621118,63.41463414634146
2025,7,PEAK,Camera Superior,Pensione Completa,14,95,16917.19,42,6.785714285714286,69.64285714285714,178.0756842105263,28.0
2026,7,PEAK,Camera Superior,Pensione Completa,6,30,5699.4,18,5.0,36.0,189.98,13.953488372093023
2024,8,PEAK,Camera Superior,Pensione Completa,31,193,53860.5,103,6.225806451612903,18.838709677419356,279.0699481865285,79.48717948717949
2025,8,PEAK,Camera Superior,Pensione Completa,11,52,15571.8,32,4.7272727272727275,45.54545454545455,299.4576923076923,22.0
2024,9,SHOULDER,Camera Superior,Pensione Completa,13,81,11318.0,32,6.230769230769231,72.6923076923077,139.7283950617284,59.09090909090909
2025,9,SHOULDER,Camera Superior,Pensione Completa,5,11,1844.6599999999999,10,2.2,5.8,167.69636363636363,18.51851851851852
2024,6,SHOULDER,Camera Superior,Solo Pernottamento,1,4,0.0,1,4.0,2.0,0.0,2.9411764705882355
2026,5,SHOULDER,OTA Camera Standard,Mezza Pensione,2,4,565.68,5,2.0,20.0,141.42,100.0
2026,6,SHOULDER,OTA Camera Standard,Mezza Pensione,2,6,951.03,4,3.0,20.0,158.505,100.0
2025,7,PEAK,Suite Familiare,Bed & Breakfast,2,4,880.0,6,2.0,13.5,220.0,28.571428571428573
2024,6,SHOULDER,Suite Familiare,Mezza Pensione,2,24,7230.0,7,12.0,97.0,301.25,50.0
2025,6,SHOULDER,Suite Familiare,Mezza Pensione,1,10,2323.5,3,10.0,207.0,232.35,100.0
2026,6,SHOULDER,Suite Familiare,Mezza Pensione,5,31,7703.95,13,6.2,70.0,248.51451612903224,100.0
2024,7,PEAK,Suite Familiare,Mezza Pensione,1,5,1940.0,3,5.0,5.0,388.0,50.0
2026,7,PEAK,Suite Familiare,Mezza Pensione,1,2,300.0,3,2.0,4.0,150.0,100.0
2024,8,PEAK,Suite Familiare,Mezza Pensione,1,5,2490.0,4,5.0,12.0,498.0,100.0
2025,8,PEAK,Suite Familiare,Mezza Pensione,2,6,1630.0,7,3.0,17.0,271.6666666666667,66.66666666666667
2024,9,SHOULDER,Suite Familiare,Mezza Pensione,2,14,1800.0,6,7.0,65.0,128.57142857142858,100.0
2026,5,SHOULDER,Suite Familiare,Pensione Completa,1,3,420.0,2,3.0,24.0,140.0,100.0
2024,6,SHOULDER,Suite Familiare,Pensione Completa,2,4,550.0,6,2.0,12.0,137.5,50.0
2024,7,PEAK,Suite Familiare,Pensione Completa,1,7,3005.0,4,7.0,21.0,429.2857142857143,50.0
2025,7,PEAK,Suite Familiare,Pensione Completa,5,28,9273.7,12,5.6,37.0,331.2035714285715,71.42857142857143
2025,8,PEAK,Suite Familiare,Pensione Completa,1,1,0.0,1,1.0,47.0,0.0,33.333333333333336
2025,6,SHOULDER,Suite Familiare Vista Piscina,Bed & Breakfast,1,1,159.9,4,1.0,4.0,159.9,25.0
2025,8,PEAK,Suite Familiare Vista Piscina,Bed & Breakfast,1,8,2190.0,3,8.0,135.0,273.75,14.285714285714286
2025,5,SHOULDER,Suite Familiare Vista Piscina,Mezza Pensione,1,2,0.0,2,2.0,20.0,0.0,100.0
2024,6,SHOULDER,Suite Familiare Vista Piscina,Mezza Pensione,2,18,4714.5,7,9.0,122.0,261.9166666666667,66.66666666666667
2025,6,SHOULDER,Suite Familiare Vista Piscina,Mezza Pensione,2,12,2641.5,7,6.0,106.0,220.125,50.0
2024,7,PEAK,Suite Familiare Vista Piscina,Mezza Pensione,2,13,4967.0,8,6.5,41.0,382.0769230769231,50.0
2025,7,PEAK,Suite Familiare Vista Piscina,Mezza Pensione,1,7,2496.65,4,7.0,73.0,356.6642857142857,100.0
2026,7,PEAK,Suite Familiare Vista Piscina,Mezza Pensione,1,7,2590.0,4,7.0,75.0,370.0,50.0
2024,8,PEAK,Suite Familiare Vista Piscina,Mezza Pensione,2,14,6980.0,8,7.0,11.0,498.57142857142856,50.0
2025,8,PEAK,Suite Familiare Vista Piscina,Mezza Pensione,3,11,4493.0,12,3.6666666666666665,53.0,408.45454545454544,42.857142857142854
2025,11,OTHER,Suite Familiare Vista Piscina,No Board,1,1,0.0,2,1.0,4.0,0.0,100.0
2024,5,SHOULDER,Suite Familiare Vista Piscina,Pensione Completa,1,2,400.0,2,2.0,0.0,200.0,100.0
2026,5,SHOULDER,Suite Familiare Vista Piscina,Pensione Completa,1,4,952.0,4,4.0,26.0,238.0,100.0
2024,6,SHOULDER,Suite Familiare Vista Piscina,Pensione Completa,1,2,0.0,2,2.0,11.0,0.0,33.333333333333336
2025,6,SHOULDER,Suite Familiare Vista Piscina,Pensione Completa,1,7,1760.0,3,7.0,85.0,251.42857142857142,25.0
2024,7,PEAK,Suite Familiare Vista Piscina,Pensione Completa,2,14,4930.0,8,7.0,59.0,352.14285714285717,50.0
2026,7,PEAK,Suite Familiare Vista Piscina,Pensione Completa,1,7,3402.45,4,7.0,69.0,486.0642857142857,50.0
2024,8,PEAK,Suite Familiare Vista Piscina,Pensione Completa,2,21,7780.0,8,10.5,9.0,370.4761904761905,50.0
2025,8,PEAK,Suite Familiare Vista Piscina,Pensione Completa,3,10,4880.0,11,3.3333333333333335,76.0,488.0,42.857142857142854
2026,6,SHOULDER,Villino 2Ten,Mezza Pensione,2,6,751.35,4,3.0,13.5,125.22500000000001,50.0
2024,7,PEAK,Villino 2Ten,Mezza Pensione,1,6,1473.0,2,6.0,198.0,245.5,50.0
2025,7,PEAK,Villino 2Ten,Mezza Pensione,1,14,2890.0,2,14.0,173.0,206.42857142857142,50.0
2026,7,PEAK,Villino 2Ten,Mezza Pensione,1,10,2100.0,2,10.0,73.0,210.0,100.0
2024,8,PEAK,Villino 2Ten,Mezza Pensione,1,7,2390.0,2,7.0,145.0,341.42857142857144,16.666666666666668
2025,8,PEAK,Villino 2Ten,Mezza Pensione,1,1,0.0,2,1.0,6.0,0.0,33.333333333333336
2024,9,SHOULDER,Villino 2Ten,Mezza Pensione,1,7,990.0,2,7.0,172.0,141.42857142857142,100.0
2026,5,SHOULDER,Villino 2Ten,Pensione Completa,2,5,561.0,4,2.5,26.0,112.2,100.0
2024,6,SHOULDER,Villino 2Ten,Pensione Completa,4,21,2280.0,10,5.25,51.0,108.57142857142857,100.0
2025,6,SHOULDER,Villino 2Ten,Pensione Completa,2,14,1190.0,4,7.0,82.0,85.0,100.0
2026,6,SHOULDER,Villino 2Ten,Pensione Completa,2,14,2800.0,4,7.0,42.5,200.0,50.0
2024,7,PEAK,Villino 2Ten,Pensione Completa,1,7,0.0,2,7.0,0.0,0.0,50.0
2025,7,PEAK,Villino 2Ten,Pensione Completa,1,1,0.0,3,1.0,30.0,0.0,50.0
2024,8,PEAK,Villino 2Ten,Pensione Completa,5,31,5860.5,11,6.2,43.2,189.0483870967742,83.33333333333333
2025,8,PEAK,Villino 2Ten,Pensione Completa,2,22,8295.15,4,11.0,43.0,377.05227272727274,66.66666666666667
2026,5,SHOULDER,Villino Double,Mezza Pensione,1,2,341.9,4,2.0,19.0,170.95,50.0
2024,6,SHOULDER,Villino Double,Mezza Pensione,1,7,1763.0,4,7.0,63.0,251.85714285714286,33.333333333333336
2025,7,PEAK,Villino Double,Mezza Pensione,2,15,5208.05,8,7.5,28.5,347.2033333333333,40.0
2026,7,PEAK,Villino Double,Mezza Pensione,2,14,4586.15,8,7.0,93.5,327.58214285714286,66.66666666666667
2024,8,PEAK,Villino Double,Mezza Pensione,1,14,6590.0,4,14.0,238.0,470.7142857142857,33.333333333333336
2025,8,PEAK,Villino Double,Mezza Pensione,2,8,2020.0,7,4.0,3.0,252.5,40.0
2024,9,SHOULDER,Villino Double,Mezza Pensione,1,5,1641.0,4,5.0,45.0,328.2,33.333333333333336
2026,5,SHOULDER,Villino Double,Pensione Completa,1,3,210.0,4,3.0,27.0,70.0,50.0
2024,6,SHOULDER,Villino Double,Pensione Completa,2,14,4223.5,8,7.0,96.0,301.67857142857144,66.66666666666667
2025,6,SHOULDER,Villino Double,Pensione Completa,1,7,2876.5,4,7.0,118.0,410.92857142857144,100.0
2026,6,SHOULDER,Villino Double,Pensione Completa,3,23,6425.0,10,7.666666666666667,103.0,279.3478260869565,100.0
2024,7,PEAK,Villino Double,Pensione Completa,2,21,8630.5,8,10.5,57.0,410.9761904761905,100.0
2025,7,PEAK,Villino Double,Pensione Completa,3,10,1325.0,7,3.3333333333333335,3.6666666666666665,132.5,60.0
2026,7,PEAK,Villino Double,Pensione Completa,1,9,3613.05,4,9.0,101.0,401.45000000000005,33.333333333333336
2024,8,PEAK,Villino Double,Pensione Completa,2,15,5457.0,8,7.5,14.5,363.8,66.66666666666667
2025,8,PEAK,Villino Double,Pensione Completa,3,20,3460.0,12,6.666666666666667,45.0,173.0,60.0
2024,9,SHOULDER,Villino Double,Pensione Completa,2,9,1630.0,6,4.5,46.5,181.11111111111111,66.66666666666667
2025,9,SHOULDER,Villino Double,Pensione Completa,2,2,0.0,8,1.0,3.0,0.0,100.0
